{"name":"model_for_results","minResult":0.0,"minResultIndex":0,"maxResult":0.018829051578513736,"maxResultIndex":103,"pictureData":[{"uuid":"cc29da7bbd1a4b3d8b6c0eadb753978c","minResult":1.7976931348623157E308,"minResultIndex":-1,"maxResult":-1.7976931348623157E308,"maxResultIndex":-1,"resultsSize":0,"uvsSize":0},{"uuid":"7b584655ac7a4b4c91bffe266c5bc3fd","minResult":0.0,"minResultIndex":0,"maxResult":0.0,"maxResultIndex":0,"resultsSize":22,"uvsSize":144},{"uuid":"792714a6bde5436b949e881a93a29995","minResult":0.00937332059126203,"minResultIndex":25,"maxResult":0.018829051578513736,"maxResultIndex":81,"resultsSize":109,"uvsSize":2496},{"uuid":"fde89021824244a88f68ef89d4a2093c","minResult":0.0,"minResultIndex":0,"maxResult":0.009373320591262047,"maxResultIndex":7,"resultsSize":116,"uvsSize":2544}]}