{
"tree" : {"children" : [
{
"name" : "0",
"index" : -1,
"children" : [
{
"name" : "Column 400x400 {RectangularSection}[E 30000000][rho 2.5][b 0.4][h 0.4][direction 0][offset 0][alpha 0]",
"index" : 0,
"children" : []},
{
"name" : "Column 400x400 {RotatedRectangularSection}[E 30000000][rho 2.5][b 0.4][h 0.4][direction 0][offset 0][alpha 0][centerx 0][centery 0]",
"index" : 1,
"children" : []},
{
"name" : "Fixation{Fixation}[u 0][v 0][w 0][ux nan][uy nan][uz nan]",
"index" : 2,
"children" : []},
{
"name" : "Load {Load}[fx 0][fy 0][fz -100]",
"index" : 3,
"children" : []},
{
"name" : "Plate 200 {PlateSection}[E 30000000][mu 0.2][h 0.2][q 10][z 0.1]",
"index" : 4,
"children" : []},
{
"name" : "beam 400x600 {RectangularSection}[E 30000000][rho 2.5][b 0.4][h 0.6][direction -1][offset 0][alpha 0]",
"index" : 5,
"children" : []}
]}
]},
"pictureData" : [
{
"name" : "Column 400x400 {RectangularSection}[E 30000000][rho 2.5][b 0.4][h 0.4][direction 0][offset 0][alpha 0]",
"type" : 0,
"groups" : ["GROUP0","EDGE0","VIRTUAL 3D FACE","HINGES","GROUP0","EDGE0","VIRTUAL 3D FACE","HINGES","GROUP0","EDGE0","VIRTUAL 3D FACE","HINGES","GROUP0","EDGE0","VIRTUAL 3D FACE","HINGES","GROUP0","EDGE0","VIRTUAL 3D FACE","HINGES","GROUP0","EDGE0","VIRTUAL 3D FACE","HINGES","GROUP0","EDGE0","VIRTUAL 3D FACE","HINGES","GROUP0","EDGE0","VIRTUAL 3D FACE","HINGES"],
"objectNames" : ["0.explode0","0.explode1","0.explode2","0.explode3","0.explode4","0.explode5","0.explode6","0.explode7"],
"pointsNumbers" : [59,59,59,59,59,59,59,59],
"text2d" : [],
"simpleShapes" : [[],[],[],[],[],[],[],[],[],[],[],[],[],[],[],[],[],[],[],[],[],[],[],[],[],[],[],[],[],[],[],[]],
"groupSettings" : [{},{},{},{},{},{},{},{},{},{},{},{},{},{},{},{},{},{},{},{},{},{},{},{},{},{},{},{},{},{},{},{}],
"objectSettings" : {"lineColor" : "#000000","faceColor" : "#505050","textColor" : "#000000","textSize" : 0.1,"transparancy" : 0.0,"lineWidth" : 1.0,"texture" : {}},
"minResult" : -5.774887844023763E-4,
"maxResult" : 1.307585444072372E-4,
"linePositionsSize" : 15264,
"positionsSize" : 14976,
"normalsSize" : 14976,
"uvsSize" : 9984,
"coordsSize" : 1416,
"resultsSize" : 944,
"uuid" : "634cab019f9847dea97e6b0b38302df2",
"pointsTable" : {"maxR" : 0.0,"minR" : 0.0,"tableSize" : 10,"table" : [[0],[],[],[],[],[],[],[],[],[7,8,9,10,12,53,30,42,1,23,11,41,29,17,55,35,47,2,26,16,34,46,19,37,49,56,3,18,27,36,48,21,39,51,57,4,20,28,38,50,22,40,52,58,5,15,25,33,45,14,32,44,54,6,13,24,31,43,66,69,362,364,112,396,71,102,385,395,114,401,79,109,392,400,115,403,81,110,393,402,59,354,70,100,383,407,60,355,78,105,388,409,116,405,61,356,80,106,389,410,83,111,394,404,62,357,67,68,361,363,89,366,117,406,75,88,365,377,94,371,82,107,390,411,85,93,370,380,73,104,387,399,63,358,96,373,86,95,372,381,84,108,391,412,113,398,98,375,64,359,87,97,374,382,72,103,386,397,99,376,74,101,384,408,77,92,369,379,65,360,91,368,76,90,367,378,304,338,345,346,336,348,341,350,342,351,347,295,302,305,296,307,326,343,352,297,315,333,340,298,317,334,306,324,344,353,314,329,299,316,330,319,335,339,303,311,337,349,318,331,321,300,309,328,322,320,332,323,301,308,327,310,325,313,312,421,423,125,126,455,171,446,454,162,134,460,173,451,459,164,144,462,174,452,461,145,166,464,175,453,463,168,146,413,118,442,470,133,163,414,119,465,176,447,466,165,138,415,120,445,458,161,136,448,467,167,140,416,121,457,172,449,468,169,142,417,122,444,456,135,159,422,420,127,128,425,148,450,469,170,143,424,436,147,132,430,153,429,439,152,137,418,123,432,155,431,440,154,139,443,471,130,160,434,157,433,441,156,141,419,124,435,158,428,438,151,131,427,150,426,437,129,149,244,185,279,221,286,223,287,225,277,230,282,232,283,233,288,227,246,184,293,222,269,193,289,224,284,234,274,203,281,220,290,226,275,204,236,177,237,178,285,235,291,228,238,179,276,205,280,218,239,180,243,187,265,192,292,229,248,208,278,231,270,197,256,215,268,195,240,181,271,199,258,216,247,206,294,219,255,211,272,201,241,182,257,212,260,217,267,194,245,186,273,202,252,191,259,213,262,196,250,210,242,183,263,198,261,214,266,189,264,200,249,209,251,207,254,190,253,188]]}
},
{
"name" : "Column 400x400 {RotatedRectangularSection}[E 30000000][rho 2.5][b 0.4][h 0.4][direction 0][offset 0][alpha 0][centerx 0][centery 0]",
"type" : 0,
"groups" : ["GROUP0","EDGE0","VIRTUAL 3D FACE","HINGES"],
"objectNames" : ["0.loadIGES"],
"pointsNumbers" : [59],
"text2d" : [],
"simpleShapes" : [[],[],[],[]],
"groupSettings" : [{},{},{},{}],
"objectSettings" : {"lineColor" : "#000000","faceColor" : "#505050","textColor" : "#000000","textSize" : 0.1,"transparancy" : 0.0,"lineWidth" : 1.0,"texture" : {}},
"minResult" : -1.1793525836631413E-4,
"maxResult" : 3.684480475352875E-5,
"linePositionsSize" : 1908,
"positionsSize" : 1872,
"normalsSize" : 1872,
"uvsSize" : 1248,
"coordsSize" : 177,
"resultsSize" : 118,
"uuid" : "c6a7624f29c44e689bf5f1f408ca9567",
"pointsTable" : {"maxR" : 0.0,"minR" : 0.0,"tableSize" : 10,"table" : [[],[],[],[],[],[],[],[],[],[8,10,29,16,31,34,26,38,35,27,39,36,28,40,37,18,33,0,11,41,1,19,46,30,2,21,47,3,17,32,23,48,4,25,49,5,7,9,53,12,43,55,15,42,20,50,56,6,22,51,57,24,52,58,14,45,54,13,44]]}
},
{
"name" : "Fixation{Fixation}[u 0][v 0][w 0][ux nan][uy nan][uz nan]",
"type" : 0,
"groups" : ["GROUP0","GROUP0","GROUP0","GROUP0","GROUP0","GROUP0","GROUP0","GROUP0","GROUP0"],
"objectNames" : ["0.explode01","0.explode11","0.explode21","0.explode31","0.explode41","0.explode51","0.explode61","0.explode71","0.explode8"],
"pointsNumbers" : [16,16,16,16,16,16,16,16,16],
"text2d" : [],
"simpleShapes" : [[],[],[],[],[],[],[],[],[]],
"groupSettings" : [{},{},{},{},{},{},{},{},{}],
"objectSettings" : {"lineColor" : "#000000","faceColor" : "#0a0599","textColor" : "#000000","textSize" : 0.1,"transparancy" : 0.0,"lineWidth" : 1.0,"texture" : {}},
"minResult" : 1.7976931348623157E308,
"maxResult" : -1.7976931348623157E308,
"linePositionsSize" : 810,
"positionsSize" : 972,
"normalsSize" : 972,
"uvsSize" : 0,
"coordsSize" : 432,
"resultsSize" : 144,
"uuid" : "5f2215e34fc7465f9c1a3945962e6287",
"pointsTable" : {"maxR" : 0.0,"minR" : 0.0,"tableSize" : 10,"table" : [[0],[],[],[],[],[],[],[],[],[16,48,64,96,32,112,80,128]]}
},
{
"name" : "Load {Load}[fx 0][fy 0][fz -100]",
"type" : 0,
"groups" : ["GROUP0"],
"objectNames" : ["0.loadIGES1"],
"pointsNumbers" : [114],
"text2d" : [],
"simpleShapes" : [[]],
"groupSettings" : [{}],
"objectSettings" : {"lineColor" : "#000000","faceColor" : "#505050","textColor" : "#000000","textSize" : 0.1,"transparancy" : 0.0,"lineWidth" : 1.0,"texture" : {}},
"minResult" : 1.7976931348623157E308,
"maxResult" : -1.7976931348623157E308,
"linePositionsSize" : 324,
"positionsSize" : 3888,
"normalsSize" : 3888,
"uvsSize" : 0,
"coordsSize" : 342,
"resultsSize" : 114,
"uuid" : "24eb72b67ed34a3cb6c2af7e1b544440",
"pointsTable" : {"maxR" : 0.0,"minR" : 0.0,"tableSize" : 10,"table" : [[],[],[],[],[],[],[],[],[],[0,6,12,18,24,30,36,42,48,54,60,66,72,78,84,90,96,102,108]]}
},
{
"name" : "Plate 200 {PlateSection}[E 30000000][mu 0.2][h 0.2][q 10][z 0.1]",
"type" : 0,
"groups" : ["GROUP0","EDGE0","EDGE1","EDGE2","EDGE3","FACE0","VIRTUAL 3D VOLUME","VIRTUAL 3D FACE"],
"objectNames" : ["0.loadIGES2"],
"pointsNumbers" : [1735],
"text2d" : [],
"simpleShapes" : [[],[],[],[],[],[],[],[]],
"groupSettings" : [{},{},{},{},{},{},{},{}],
"objectSettings" : {"lineColor" : "#000000","faceColor" : "#930b76","textColor" : "#000000","textSize" : 0.1,"transparancy" : 0.0,"lineWidth" : 1.0,"texture" : {}},
"minResult" : -0.002112167816072804,
"maxResult" : 1.9966204266814504E-5,
"linePositionsSize" : 57192,
"positionsSize" : 56592,
"normalsSize" : 56592,
"uvsSize" : 37728,
"coordsSize" : 5205,
"resultsSize" : 3470,
"uuid" : "ff9a666ac2694439b9145213cbde8a97",
"pointsTable" : {"maxR" : 17.529689101635544,"minR" : 0.0,"tableSize" : 20,"table" : [[],[],[],[1706,1698,1707,1710,331,0,1731,1664,1,102,1708,1551,118,171,2,101,1704,1697,1729,1712,1711,1705,675,146,131,1596,898,1550,1580,3,100,172,897,1730,1709,794,1411,133,142],[1168,1510,978,1713,132,896,325,4,99,891,1617,314,1554,282,1330,1117,1678,1663,980,312,344,892,296,808,841,1479,5,98,1329,895,977,156,313,283,249,1195,1648,231,1666,1196,893,185,886,979,1661,304,206,1115,218,894,919,97,6,1640,208,923,1118,339,232,1116,305,920,881,1154,220],[187,1194,1270,186,219,1327,925,198,7,96,207,922,688,1605,1402,1271,1229,1489,1219,1230,844,921,924,373,1082,277,345,719,1362,660,1228,1600,683,572,661,1328,195,1545,95,8,194,197,1403,1668,614,568,834,1227,1404,1217,1413,1623,635,1079,1694,1269,1164,607,624,506,562,276,570,1218,1081,1577,1534,279,613,196,1435,1080,1165,674],[1532,9,94,1436,567,701,566,1397,347,1279,587,561,508,350,1415,586,1547,1342,507,1318,569,1610,1585,1622,672,1576,636,1167,1416,1546,865,877,642,1602,1608,1434,1478,1412,454,486,1592,663,10,93,1341,487,1598,466,577,484,600,1166,538,1280,1339,1027,628,673,848,423,1235,1437,1028,575,453,783,1392,1630,792,465,946,1682,537,1340,1609,815,879,785,593,1659,1584,11,92,1513,485,504,455,945],[601,595,1417,617,1030,464,425,1701,1583,944,1477,424,1162,574,1514,725,817,1174,1029,781,1542,1160,1515,662,1173,488,1352,1629,397,594,691,1504,676,851,1586,695,777,468,1391,1455,810,12,91,634,1401,1491,830,188,1179,1624,1457,726,1083,692,1549,1548,467,1639,1507,539,840,709,1399,1646,947,1163,1677,605,633,1175,822,1474,1354,1520,606,658,1400,1541,395,1345,1091,1267,560,833,1667,820,396,1268,435,191,969,541,564,13,90,929,779,967,436,746,1203,1506],[630,826,540,1291,1343,1575,1052,970,649,744,1161,1505,872,1533,409,1344,1458,565,671,1351,1181,1649,727,756,1084,1180,1353,1102,1619,1092,535,743,1290,799,201,631,1145,827,437,1671,1645,563,1616,1289,757,603,1183,928,1539,1654,14,89,469,410,1089,681,542,602,968,1184,697,926,610,1090,1494,745,576,408,1459,227,476,798,616,800,1171,1185,778,665,615,1493,927,1305,707,1222,1552,698,302,591,1071,1292,1389,1686,748,1304,1100,758,447,666,1070,192,864,1374,1387,1103,15,88],[1101,797,509,1261,402,766,667,1144,1375,193,1192,1728,1638,860,964,1172,511,1140,228,329,1191,1388,1326,1255,837,1373,966,590,354,226,874,1182,696,216,1072,582,1475,863,1492,1306,1060,621,1256,448,803,780,1476,401,446,1187,620,1262,16,87,814,184,866,417,957,1300,498,1058,1258,1186,1535,1566,932,510,1325,1522,1604,1059,330,1259,793,580,1537,1284,1567,240,1521,1440,664,182,1536,321,813,581,876,415,901,1073,963,1141,1569,1727,1338,677,804,981,902,965,1683,734,571,1726,1637,1061,982,472,1282,1257,429,385,418,1692,238],[556,1281,790,900,754,86,17,956,741,735,270,492,1138,998,958,1308,930,583,183,360,1136,416,730,584,1528,1480,1137,931,1299,239,618,955,759,1121,356,292,1274,1307,1568,1298,971,248,753,1122,1495,773,1467,1123,414,728,680,1684,1360,1294,933,1266,1361,1538,419,428,1210,1297,1293,1265,740,271,1331,1653,899,489,1441,384,733,477,1135,1211,241,491,1283,1656,1716,999,85,18,637,619,1134,383,742,755,1655,1714,479,1000,729,247,499,1530,1110,1097,751,1425,1124,1096,319,1250,338,1529,1108,265,1309,972,245,1485,1487,1367,322,1433,1310,760,1063,550,1689,1276,490,657,388,771,772,203,579,1481,478,788,732,1023,1275],[1296,246,1579,1370,731,1356,502,1557,205,337,1446,801,1295,1119,1372,1355,84,19,229,514,1451,1448,1087,1041,480,1390,127,737,411,1452,1445,1088,1523,1277,761,861,1471,802,392,316,1107,1524,300,230,954,1484,1719,1371,1405,1472,493,105,387,233,1556,1715,1607,1615,659,1062,375,494,161,1657,747,204,862,738,500,257,1679,1025,501,1098,1418,1109,393,1024,126,1490,770,1618,1254,1443,784,301,736,386,1026,505,1462,1662,20,83,1483,1453,769,106,961,953,263,1482,768,819,1553,1449,250,1718,269,1200,655,262,495,1470,1395,573,394,1612,818,1040,588,609,251,651,1240,503,1473,694,951,750,739,104,1517,1039,869,267,346,1703,1239,1128,948,1732,341,1014,585,1696,1422,1201],[789,303,949,1013,306,1486,1720,699,1562,1202,1444,912,1253,1733,1111,1423,224,1643,1717,1314,911,1252,849,749,765,1410,1450,536,21,82,261,960,554,786,555,1734,1393,546,225,547,268,545,1690,959,110,351,1383,1396,420,1503,764,1086,821,1394,693,264,164,589,1260,816,527,1641,1323,525,1469,286,1408,544,287,991,244,962,243,762,1378,1007,413,1156,638,1205,1543,1518,1246,355,1008,1578,378,1468,1519,1424,530,1509,168,629,1426,1042,763,281,1015,686,845,1454,626,1312,522,950,1043,702,315,22,81,974,342,975,1311,1114,832,1112,526,311,1693,936,165,422,340,1572,1669,1085,391,1056,1204,1113,1382,1313,914,242,272,109,441,543,1565,1512,913,1055,687,787,1248,1384,1499,831,1099,421,377,170,440,1407,1386,529,1385],[992,690,1005,324,1226,1599,1447,412,627,1155,1288,993,520,256,1544,654,1272,108,934,513,1157,990,752,1057,318,519,1069,154,1245,1675,295,1006,1603,274,389,1169,379,23,80,1247,1215,1273,838,842,1244,1068,124,169,1511,442,528,374,625,1170,1379,427,445,1691,578,1688,138,973,1322,1358,1125,1631,1278,689,551,107,1658,976,1381,273,426,371,390,404,382,1077,1051,309,152,1442,867,706,1432,431,937,372,908,1670,260,512,1431,1074,308,935,889,910,1234,521,1243,137,1287,293,1420,1286,380,943,1242,853,1642,1421,1036,1001,1285,843,1031,523,918,1034,909,1035,1094,1002,430,1224,471,1033,916,552,24,79,1223,1193,444,1359,439,1037,1321,470,438,255,1264,130,1225,1233,481,115,1050,1078,1419,988,1324,462,1263,253,1232,275,1409,1049,1241,1075,989,134,1053,259,158,1660,456,307,1048,334,294,1127],[852,483,473,403,855,870,656,1627,310,795,1594,223,847,1676,1674,1593,873,890,712,381,148,648,1406,917,888,1315,457,868,1076,1369,406,1317,643,1003,1319,482,432,348,553,1614,1647,1699,1466,1500,604,1316,434,25,77,27,76,1020,1516,1320,327,1213,28,75,907,1231,1038,1461,1465,1501,1368,254,1214,524,791,1019,29,74,1022,252,987,1095,1685,1152,1464,1032,1054,887,474,850,30,73,938,828,1628,1004,458,1126,1695,645,592,915,496,1582,31,72,856,1597,1636,670,461,405,1105,1680,669,1357,32,71,1337,682,460,823,1216,1526,407,871,1502,1104,1672,399,1626,1561,33,70,644,1106,1673,1199,452,1525,497,1021,518,700,704,433,1570,515,1398,1017,1150,854,715,475,34,69],[952,1700,1251,1148,776,1595,1143,1093,1721,1139,1146,1133,1151,1335,1129,35,68,1149,1336,549,1153,705,400,548,812,1620,1198,1723,623,178,1197,1722,449,1045,398,36,67,718,443,717,1044,450,723,668,463,177,1010,905,940,939,1363,1725,37,66,1009,559,1016,1158,941,1613,1249,805,622,1364,1724,1018,1147,1142,639,1463,1571,459,1132,370,1046,1665,1011,1130,846,679,767,38,65,1611,1159,558,650,451,1131,1366,369,1635,904,1377,1621,1681,1563,684,176,179,180,612],[39,64,534,557,1303,1380,173,1212,1301,1460,1047,1302,1634,906,1012,1347,1652,364,1633,903,40,63,1220,646,1376,200,942,1236,181,632,1531,290,1221,703,685,236,174,1346,829,41,62,532,1237,199,1632,1365,1564,1456,1587,1574,1427,1540,1414,175,1591,599,42,61,289,1207,1573,1650,1208,1488,1651,608,237,653],[349,1348,1429,995,299,222,1644,1428,343,996,43,60,209,1209,1625,258,210,839,596,1590,1065,1601,1064,997,1588,59,44,298,221,1581,1589,1527,212,1067,984,1206,721,986,1606,352,211,284,58,45,323,297,994,1558,1238,1559],[353,885,1176,285,1178,1066,1189,46,57,985,166,1188,167,317,774,140,983,1560,1120,1555,47,56,129,128,1430,1332,1177,1190,48,55,1349,1508,1350,1496,121],[112,49,54,1333,1438,1334,1498,1497,1687,882,50,53,1439,51,1702]]}
},
{
"name" : "beam 400x600 {RectangularSection}[E 30000000][rho 2.5][b 0.4][h 0.6][direction -1][offset 0][alpha 0]",
"type" : 0,
"groups" : ["GROUP0","EDGE0","VIRTUAL 3D FACE","HINGES","GROUP0","EDGE0","VIRTUAL 3D FACE","HINGES","GROUP0","EDGE0","VIRTUAL 3D FACE","HINGES","GROUP0","EDGE0","VIRTUAL 3D FACE","HINGES","GROUP0","EDGE0","VIRTUAL 3D FACE","HINGES","GROUP0","EDGE0","VIRTUAL 3D FACE","HINGES","GROUP0","EDGE0","VIRTUAL 3D FACE","HINGES","GROUP0","EDGE0","VIRTUAL 3D FACE","HINGES","GROUP0","EDGE0","VIRTUAL 3D FACE","HINGES","GROUP0","EDGE0","VIRTUAL 3D FACE","HINGES","GROUP0","EDGE0","VIRTUAL 3D FACE","HINGES","GROUP0","EDGE0","VIRTUAL 3D FACE","HINGES"],
"objectNames" : ["0.explode02","0.explode12","0.explode22","0.explode32","0.explode42","0.explode52","0.explode62","0.explode72","0.explode81","0.explode9","0.explode10","0.explode111"],
"pointsNumbers" : [125,125,125,125,125,125,125,125,125,125,125,125],
"text2d" : [],
"simpleShapes" : [[],[],[],[],[],[],[],[],[],[],[],[],[],[],[],[],[],[],[],[],[],[],[],[],[],[],[],[],[],[],[],[],[],[],[],[],[],[],[],[],[],[],[],[],[],[],[],[]],
"groupSettings" : [{},{},{},{},{},{},{},{},{},{},{},{},{},{},{},{},{},{},{},{},{},{},{},{},{},{},{},{},{},{},{},{},{},{},{},{},{},{},{},{},{},{},{},{},{},{},{},{}],
"objectSettings" : {"lineColor" : "#000000","faceColor" : "#505050","textColor" : "#000000","textSize" : 0.1,"transparancy" : 0.0,"lineWidth" : 1.0,"texture" : {}},
"minResult" : -0.0020593415093976488,
"maxResult" : 9.83192911347456E-6,
"linePositionsSize" : 48384,
"positionsSize" : 47520,
"normalsSize" : 47520,
"uvsSize" : 31680,
"coordsSize" : 4500,
"resultsSize" : 3000,
"uuid" : "d9c00f18925a46c7b921d88786faa603",
"pointsTable" : {"maxR" : 17.373543104387306,"minR" : 0.0,"tableSize" : 20,"table" : [[],[],[16,17,1398,1421,22,1399,21,45,1400,1422,27,1419,59,112,1436,1488,18],[26,48,1417,1431,0,29,1418,19,20,1440,1489,1,1386,113,58,1437,1487,15,28,49,1415,1430,57,111,1435,1486,2,1385,31,1416,67,115,1445,1497,13,14,1441,1461,85,1462,84,1463,63,1439,3,1384,90,1482,30,50,1413,1429,89,1480,78,1458,116,68,1444,1496,92,1481,33,1414,91,1478,4,79,1383,1448,32,51,1411,1428,94,1479],[117,74,1447,1495,93,1476,73,1457,35,1412,5,1382,96,1477,34,52,1409,1427,118,69,1443,1494,95,1474,80,1446,6,1381,37,1410,98,1475,119,70,1442,1493,81,97,1456,1472,36,53,1407,1426],[7,1380,100,1473,39,1408,99,1470,75,1455,120,76,1451,1492,38,54,1405,1425,102,1471,8,1379,41,1406,82,101,1454,1468,121,71,1450,1491,40,55,1403,1424,104,1469],[9,1378,43,1404,77,103,1453,1466,122,72,1449,1490,42,56,1401,1423,106,1467,10,1377,44,1402,83,105,1452,1464,1433,110,61,1484,25,47,1396,1420,107,1465],[11,1376,24,1397,88,1459,64,1438,266,1148,60,108,1483,1434,272,1149,362,1238,280,1171,270,1239,1432,62,109,1485,363,1237,282,1169,361,1236,23,46,1392,1280,1271,271,1150,87,1460,279,1172,365,1247,264,1212,124,268,1374,336,1213,12,250,281,1170,65,114,1394,1316,1364,284,1167,251,1136,349,1232,123,265,1373,366,1246,267,1152,252,1135,276,1153,147,283,1168,1272,350,1231,309,1186,66,86,1389,1315,1335,334,1210,298,1181,253,1134,339,1223,184,1308,286,1165,269,1190,236,1361,367,1245,308,1187,299,1180,307,1185,340,1222,351,1230,285,1166,238,1362,317,1195,254,1133,182,1307,263,1191,313,1189,146,170,1273,1281,210,341,1221,1334,300,1179],[288,1163,328,1208,368,1244,318,1194,352,1229,287,1164,126,255,1132,1261,329,1198,342,1220,301,1178,324,1197,188,209,1313,1336,152,1279,323,1207,369,1243,353,1228,290,1161,183,1309,237,1363,256,1131,289,1162,343,1219,302,1177,319,1193,330,1196,215,1340,151,173,1276,1278,354,1227,370,1242,292,1159,257,1130,344,1218,291,1160,127,1260,320,1192,331,1206,303,1176,214,202,1333,1339,154,1275,355,1226,371,1241,345,1217,258,1129,294,1157,325,1205,326,1201,293,1158,199,240,1318,1368,304,1175],[217,1337,153,174,1274,1277,356,1225,346,1216,332,1204,372,1240,128,259,1128,1259,321,1200,295,1156,296,1155,305,1174,203,216,1317,1338,156,1283,241,200,1319,1367,347,1215,357,1224,327,1203,260,1127,322,1199,219,1342,306,1173,360,1234,297,1154,274,1147,155,175,1282,1284,129,1258,333,1202,348,1214,338,1211,204,218,1323,1341,1233,358,261,1126,158,1304,1183,311,278,1151,275,1146,359,1235,242,201,1321,1365,273,1021],[364,1114,221,1352,314,1188,310,1184,157,176,1302,1306,335,1209,337,1085,374,262,1182,486,1111,130,1257,312,373,277,1024,396,1023,488,1112,205,220,1320,1351,397,1022,315,1066,160,1303,316,1065,243,192,1322,1366,434,1058,459,1084,461,1086,376,1011,223,1357,487,1113,432,1057,401,1025,159,177,1300,1305,404,1033,131,1256,405,1028,438,1063,206,222,1332,1355,433,1059,464,1091],[162,1301,474,1089,377,1010,244,193,1330,1372,423,1030,490,1118,406,1027,225,1356,407,1026,161,178,1298,1299,452,1083,132,1255,465,1087,449,1068,475,1088,197,224,1331,1353,378,1009,424,1029,164,1297,491,1117,408,1032,245,194,1328,1371,409,1031,453,1067,227,1354,466,1090,450,1069,163,179,1295,1296,476,1092,133,379,1008,1254,425,1034],[492,1115,207,226,1329,1348,410,1053,166,1294,454,1073,411,1052,246,195,1327,1370,467,1104,451,1071,229,1349,477,1107,380,1007,165,180,1286,1292,426,1056,493,1116,134,1253,412,1051,208,228,1325,1346,455,1070,413,1050,168,1287,468,1103,442,1072,247,196,1326,1369,478,1106,381,1006,231,1347,427,1055,494,1122,167,181,1285,1291,414,1049],[135,1252,456,1082,415,1048,198,230,1345,1324,469,1102,443,1080,169,1293,479,1105,382,1005,428,1054,1311,235,186,1359,232,1350,495,1121,416,1047,447,1081,150,172,1289,1290,417,1045,136,1251,470,1101,444,1078,189,213,1314,1344,480,1100,383,1004,149,1288,429,1046,185,233,1358,1312,898,516,899,526,988,612,1310,496,1120,921,550,187,234,1360,989,520,418,1044,613,987,212,1343,919,551,986,611,457,1079],[617,997,962,514,963,587,917,529,982,593,618,996,419,1040,148,171,1266,1267,900,525,471,1099,922,540,981,595,249,999,518,445,1077,915,531,137,500,920,549,190,239,1269,1270,886,501,619,995,248,998,515,980,596,885,502,918,543,481,1097,191,211,1263,1264,960,588,384,884,1003,503,973,594,913,533,621,994,430,1042,979,604,972,603,902,517,916,530,903,524,883,504,936,562,931,539,971,597,940,519,497,937,561,1119,930,541,935,560,615,993,978,605,911,535,420,914,1039,532,882,505,945,458,1075,574,941,513,970,589,939,564,929,542,958,573,944,576,948,575,881,506,912,534,421,1038,977,606,472,969,1095,590,616,992,928,553,909,552,947,577,446,1076,957,578,880,507,968,591,927,554,482,1096,943,581,910,556,946,582,976,598,385,1002,620,991,431,1041,907,536,942,567,956,579,926,555,967,607,879,508,908,546,422,1043,448,1074,975,599,485,1109,622,990],[905,538,955,569,951,568,925,544,966,600,878,509,473,1098,399,1036,906,537,974,601,954,580,1061,436,950,572,984,610,924,545,463,1094,897,528,386,1001,965,592,877,510,403,1037,904,548,483,1108,953,570,961,586,571,949,983,608,923,547,439,1064,400,1035,484,1110,985,609,964,602,773,527,876,511,864,614,435,896,522,952,583,1062,460,1093,398,1016,1060,837,584,933,558,437,901,523,489,1020,858,733,959,585,859,735,462,1014,499,1018,874,624,774,650,387,512,498,1015,873,623,938,563,402,1017,557,934,775,649,440,1019,932,559,838,720,777,521,734,860,441,1013,835,719,815,565],[761,626,816,566,796,652,684,807,797,651,809,682,778,667,857,716,848,725,743,872,814,688,760,627,683,808,794,653,795,674,806,675,856,717,847,718,740,871,833,704,759,628,703,821,792,655,793,654,805,656,855,726,846,721,823,705,742,870,758,629,820,695,790,676,791,670],[804,657,854,730,845,713,832,700,741,869,757,630,819,696,788,677,789,660,803,658,853,731,844,722,822,706,744,868,756,631,818,692,786,678,787,671,802,659,852,732,843,712,831,694,755,632,745,867,817,693],[785,663,801,661,784,679,842,723,830,701,851,727,826,697,754,633,746,866,800,662,783,672,782,680,829,707,841,714,850,728,825,698,753,634,747,865,799,664,781,666,780,681,828,708,840,724,849,729,699,824,752,635],[862,738,798,665,779,673,772,647,827,702,839,715,836,711,751,636,861,736,811,686,863,737,776,669,771,648,646,766,813,689,739,770,834,710,709,764,685,812,810,749,687,637,748,767,668,769,691,763,690]]}
}
],
"minResult" : -0.002112167816072804,
"maxResult" : 1.307585444072372E-4,
"coordFactor" : 12.282842712474618
}