{
"tree" : {"children" : [
{
"name" : "0",
"index" : -1,
"children" : [
{
"name" : "Load{Load}[fx 0][fy 0][fz -1000]",
"index" : 0,
"children" : []},
{
"name" : "{Fixation}[u 0][v 0][w 0][ux 0][uy 0][uz 0]",
"index" : 1,
"children" : []}
]},
{
"name" : "_Колонны",
"index" : -1,
"children" : [
{
"name" : "Column400x400{RectangularSection}[E 30000000][rho 2.5][b 0.4][h 0.4][direction 0][offset 0][alpha 0](1)",
"index" : 2,
"children" : []},
{
"name" : "Column800x400{RectangularSection}[E 30000000][rho 2.5][b 0.4][h 0.8][direction 0][offset 0][alpha 0]",
"index" : 3,
"children" : []}
]}
]},
"pictureData" : [
{
"name" : "Load{Load}[fx 0][fy 0][fz -1000]",
"type" : 0,
"groups" : ["GROUP0"],
"faces" : [[0,2,3,0,2,4,0,5,3,0,5,4,2,5,3,2,5,4]],
"objectNames" : ["0.27F"],
"pointsNumbers" : [6],
"text2d" : [],
"simpleShapes" : [[]],
"groupSettings" : [{}],
"objectSettings" : {"lineColor" : "#000000","faceColor" : "#5b3193","textColor" : "#000000","textSize" : 0.1,"transparancy" : 0.0,"lineWidth" : 1.0,"texture" : {}},
"minResult" : 1.7976931348623157E308,
"minResultIndex" : -1,
"maxResult" : -1.7976931348623157E308,
"maxResultIndex" : -1,
"linePositionsSize" : 6,
"positionsSize" : 108,
"normalsSize" : 108,
"uvsSize" : 0,
"coordsSize" : 18,
"resultsSize" : 0,
"uuid" : "6df79ab4bd2f4778a7ef3bfbe96c77eb",
"pointsTable" : {"maxR" : 0.0,"minR" : 0.0,"tableSize" : 10,"table" : [[],[],[],[],[],[],[],[],[],[0]]}
},
{
"name" : "{Fixation}[u 0][v 0][w 0][ux 0][uy 0][uz 0]",
"type" : 0,
"groups" : ["GROUP0"],
"faces" : [[2,3,4,4,5,2,7,8,9,9,10,7,12,13,14,14,15,12,16,17,18,18,19,16,20,19,21,21,17,20,16,21,18,18,20,16]],
"objectNames" : ["0.2B3"],
"pointsNumbers" : [22],
"text2d" : [],
"simpleShapes" : [[]],
"groupSettings" : [{}],
"objectSettings" : {"lineColor" : "#000000","faceColor" : "#ed98f6","textColor" : "#000000","textSize" : 0.1,"transparancy" : 0.0,"lineWidth" : 1.0,"texture" : {}},
"minResult" : 1.7976931348623157E308,
"minResultIndex" : -1,
"maxResult" : -1.7976931348623157E308,
"maxResultIndex" : -1,
"linePositionsSize" : 162,
"positionsSize" : 216,
"normalsSize" : 216,
"uvsSize" : 0,
"coordsSize" : 66,
"resultsSize" : 0,
"uuid" : "48b8059fec4d4689955ccec6eaab7f83",
"pointsTable" : {"maxR" : 0.0,"minR" : 0.0,"tableSize" : 10,"table" : [[0],[],[],[],[],[],[],[],[],[]]}
},
{
"name" : "Column400x400{RectangularSection}[E 30000000][rho 2.5][b 0.4][h 0.4][direction 0][offset 0][alpha 0](1)",
"type" : 0,
"groups" : ["GROUP0","EDGE0","VIRTUAL 3D FACE","VIRTUAL 3D VOLUME","HINGES"],
"faces" : [[],[],[4,19,20,8,21,22,12,23,24,16,25,26,14,26,23,10,24,21,18,20,25,6,22,19,4,5,19,8,9,21,12,13,23,16,17,25,9,10,21,13,14,23,5,6,19,17,18,25,0,22,21,0,21,24,0,25,20,0,24,23,0,26,25,0,20,19,0,23,26,0,19,22,4,20,27,8,22,28,12,24,29,6,28,22,10,29,24,16,26,30,14,30,26,18,27,20,3,27,18,15,30,14,7,28,6,11,29,10,7,8,28,3,4,27,11,12,29,15,16,30,3,4,32,31,32,3,4,5,33,32,33,4,5,6,34,33,34,5,6,7,35,34,35,6,7,8,36,35,36,7,8,9,37,36,37,8,9,10,38,37,38,9,10,11,39,38,39,10,11,12,40,39,40,11,12,13,41,40,41,12,13,14,42,41,42,13,14,15,43,42,43,14,15,16,44,43,44,15,16,17,45,44,45,16,17,18,46,45,46,17,18,3,31,46,31,18,31,32,60,59,60,31,32,33,61,60,61,32,33,34,62,61,62,33,34,35,63,62,63,34,35,36,64,63,64,35,36,37,65,64,65,36,37,38,66,65,66,37,38,39,67,66,67,38,39,40,68,67,68,39,40,41,69,68,69,40,41,42,70,69,70,41,42,43,71,70,71,42,43,44,72,71,72,43,44,45,73,72,73,44,45,46,74,73,74,45,46,31,59,74,59,46,60,75,76,64,77,78,68,79,80,72,81,82,70,82,79,66,80,77,74,76,81,62,78,75,60,61,75,64,65,77,68,69,79,72,73,81,65,66,77,69,70,79,61,62,75,73,74,81,2,78,77,2,77,80,2,81,76,2,80,79,2,82,81,2,76,75,2,79,82,2,75,78,60,76,83,64,78,84,68,80,85,62,84,78,66,85,80,72,82,86,70,86,82,74,83,76,59,83,74,71,86,70,63,84,62,67,85,66,63,64,84,59,60,83,67,68,85,71,72,86],[],[]],
"objectNames" : ["_Колонны.24C"],
"pointsNumbers" : [87],
"text2d" : [],
"simpleShapes" : [[],[],[],[],[]],
"groupSettings" : [{},{},{},{},{}],
"objectSettings" : {"lineColor" : "#000000","faceColor" : "#505050","textColor" : "#000000","textSize" : 0.1,"transparancy" : 0.0,"lineWidth" : 1.0,"texture" : {}},
"minResult" : 1.7976931348623157E308,
"minResultIndex" : -1,
"maxResult" : -1.7976931348623157E308,
"maxResultIndex" : -1,
"linePositionsSize" : 2796,
"positionsSize" : 2592,
"normalsSize" : 2592,
"uvsSize" : 0,
"coordsSize" : 261,
"resultsSize" : 0,
"uuid" : "152b64da1d414864b7b3e01d1bc359c4",
"pointsTable" : {"maxR" : 0.0,"minR" : 0.0,"tableSize" : 10,"table" : [[],[],[],[],[],[],[],[],[],[13,23,12,14,24,26,30,29,0,11,15,10,16,21,25,9,17,20,22,19,8,18,27,28,5,4,6,3,7,41,51,40,42,52,54,58,57,1,39,43,38,44,49,53,37,45,48,50,47,36,46,55,56,33,32,34,31,35,69,79,68,70,80,82,86,85,2,67,71,66,72,77,81,65,73,76,78,75,64,74,83,84,61,60,62,59,63]]}
},
{
"name" : "Column800x400{RectangularSection}[E 30000000][rho 2.5][b 0.4][h 0.8][direction 0][offset 0][alpha 0]",
"type" : 0,
"groups" : ["GROUP0","EDGE0","VIRTUAL 3D FACE","VIRTUAL 3D VOLUME","HINGES"],
"faces" : [[],[],[13,15,16,7,16,15,12,13,16,7,8,16,6,7,15,13,14,15,14,17,15,5,18,4,5,6,18,6,15,18,12,16,19,9,20,8,9,10,20,8,20,16,15,17,18,11,19,10,11,12,19,3,17,14,3,4,17,16,20,19,4,18,17,10,19,20,3,4,22,21,22,3,4,5,23,22,23,4,5,6,24,23,24,5,6,7,25,24,25,6,7,8,26,25,26,7,8,9,27,26,27,8,9,10,28,27,28,9,10,11,29,28,29,10,11,12,30,29,30,11,12,13,31,30,31,12,13,14,32,31,32,13,14,3,21,32,21,14,21,22,40,39,40,21,22,23,41,40,41,22,23,24,42,41,42,23,24,25,43,42,43,24,25,26,44,43,44,25,26,27,45,44,45,26,27,28,46,45,46,27,28,29,47,46,47,28,29,30,48,47,48,29,30,31,49,48,49,30,31,32,50,49,50,31,32,21,39,50,39,32,49,51,52,43,52,51,48,49,52,43,44,52,42,43,51,49,50,51,50,53,51,41,54,40,41,42,54,42,51,54,48,52,55,45,56,44,45,46,56,44,56,52,51,53,54,47,55,46,47,48,55,39,53,50,39,40,53,52,56,55,40,54,53,46,55,56],[],[]],
"objectNames" : ["_Колонны.248"],
"pointsNumbers" : [57],
"text2d" : [],
"simpleShapes" : [[],[],[],[],[]],
"groupSettings" : [{},{},{},{},{}],
"objectSettings" : {"lineColor" : "#000000","faceColor" : "#505050","textColor" : "#000000","textSize" : 0.1,"transparancy" : 0.0,"lineWidth" : 1.0,"texture" : {}},
"minResult" : 1.7976931348623157E308,
"minResultIndex" : -1,
"maxResult" : -1.7976931348623157E308,
"maxResultIndex" : -1,
"linePositionsSize" : 1812,
"positionsSize" : 1656,
"normalsSize" : 1656,
"uvsSize" : 0,
"coordsSize" : 171,
"resultsSize" : 0,
"uuid" : "e22d946383b5441b8bb0dbc1921de947",
"pointsTable" : {"maxR" : 0.0,"minR" : 0.0,"tableSize" : 10,"table" : [[0],[],[],[],[],[],[],[],[],[15,16,7,13,18,20,8,14,12,6,17,19,10,4,9,11,3,5,1,33,34,25,31,36,38,24,26,30,32,35,37,22,28,21,23,27,29,2,51,52,43,49,54,56,42,44,48,50,53,55,40,46,39,41,45,47]]}
}
],
"minResult" : 1.7976931348623157E308,
"minResultIndex" : -1,
"maxResult" : -1.7976931348623157E308,
"maxResultIndex" : -1,
"coordFactor" : 10.65
}