{
"tree" : {"children" : [
{
"name" : "elastic",
"index" : 0,
"children" : []},
{
"name" : "elastic_0",
"index" : 1,
"children" : []},
{
"name" : "elastic_2",
"index" : 2,
"children" : []},
{
"name" : "elastic_4",
"index" : 3,
"children" : []},
{
"name" : "elastic_6",
"index" : 4,
"children" : []},
{
"name" : "elastic_8",
"index" : 5,
"children" : []},
{
"name" : "elastic_10",
"index" : 6,
"children" : []},
{
"name" : "elastic_12",
"index" : 7,
"children" : []},
{
"name" : "elastic_14",
"index" : 8,
"children" : []},
{
"name" : "elastic_16",
"index" : 9,
"children" : []},
{
"name" : "elastic_18",
"index" : 10,
"children" : []}
]},
"pictureData" : [
{
"name" : "elastic",
"type" : 0,
"groups" : ["EDGE0","EDGE1","EDGE2","EDGE3","EDGE4","EDGE5","EDGE6","EDGE7","EDGE8","EDGE9","EDGE10","EDGE11","FACE0","FACE1","FACE2","FACE3","FACE4","FACE5"],
"objectNames" : ["box"],
"pointsNumbers" : [56],
"text2d" : [],
"simpleShapes" : [[],[],[],[],[],[],[],[],[],[],[],[],[],[],[],[],[],[]],
"groupSettings" : [{},{},{},{},{},{},{},{},{},{},{},{},{},{},{},{},{},{}],
"objectSettings" : {"lineColor" : "#000000","faceColor" : "#00ff00","textColor" : "#000000","textSize" : 0.1,"transparancy" : 0.0,"lineWidth" : 1.0,"texture" : {}},
"minResult" : 1.7976931348623157E308,
"maxResult" : -1.7976931348623157E308,
"linePositionsSize" : 72,
"positionsSize" : 216,
"normalsSize" : 216,
"uvsSize" : 144,
"uuid" : "57b8418cb636448b994afd1558049872",
"pointsTable" : {"maxR" : 0.0,"minR" : 0.0,"tableSize" : 10,"table" : [[49],[],[],[],[],[],[],[],[],[48,51,53,50,52,55,54]]}
},
{
"name" : "elastic_0",
"type" : 0,
"groups" : ["EDGE0","EDGE1","EDGE2","EDGE3","EDGE4","EDGE5","EDGE6","EDGE7","EDGE8","EDGE9","EDGE10","EDGE11","FACE0","FACE1","FACE2","FACE3","FACE4","FACE5","EDGE0","EDGE1","EDGE2","EDGE3","EDGE4","EDGE5","EDGE6","EDGE7","EDGE8","EDGE9","EDGE10","EDGE11","FACE0","FACE1","FACE2","FACE3","FACE4","FACE5","EDGE0","EDGE1","EDGE2","EDGE3","EDGE4","EDGE5","EDGE6","EDGE7","EDGE8","EDGE9","EDGE10","EDGE11","FACE0","FACE1","FACE2","FACE3","FACE4","FACE5","EDGE0","EDGE1","EDGE2","EDGE3","EDGE4","EDGE5","EDGE6","EDGE7","EDGE8","EDGE9","EDGE10","EDGE11","FACE0","FACE1","FACE2","FACE3","FACE4","FACE5","EDGE0","EDGE1","EDGE2","EDGE3","EDGE4","EDGE5","EDGE6","EDGE7","EDGE8","EDGE9","EDGE10","EDGE11","FACE0","FACE1","FACE2","FACE3","FACE4","FACE5","EDGE0","EDGE1","EDGE2","EDGE3","EDGE4","EDGE5","EDGE6","EDGE7","EDGE8","EDGE9","EDGE10","EDGE11","FACE0","FACE1","FACE2","FACE3","FACE4","FACE5","EDGE0","EDGE1","EDGE2","EDGE3","EDGE4","EDGE5","EDGE6","EDGE7","EDGE8","EDGE9","EDGE10","EDGE11","FACE0","FACE1","FACE2","FACE3","FACE4","FACE5","EDGE0","EDGE1","EDGE2","EDGE3","EDGE4","EDGE5","EDGE6","EDGE7","EDGE8","EDGE9","EDGE10","EDGE11","FACE0","FACE1","FACE2","FACE3","FACE4","FACE5","EDGE0","EDGE1","EDGE2","EDGE3","EDGE4","EDGE5","EDGE6","EDGE7","EDGE8","EDGE9","EDGE10","EDGE11","FACE0","FACE1","FACE2","FACE3","FACE4","FACE5","EDGE0","EDGE1","EDGE2","EDGE3","EDGE4","EDGE5","EDGE6","EDGE7","EDGE8","EDGE9","EDGE10","EDGE11","FACE0","FACE1","FACE2","FACE3","FACE4","FACE5","EDGE0","EDGE1","EDGE2","EDGE3","EDGE4","EDGE5","EDGE6","EDGE7","EDGE8","EDGE9","EDGE10","EDGE11","FACE0","FACE1","FACE2","FACE3","FACE4","FACE5","EDGE0","EDGE1","EDGE2","EDGE3","EDGE4","EDGE5","EDGE6","EDGE7","EDGE8","EDGE9","EDGE10","EDGE11","FACE0","FACE1","FACE2","FACE3","FACE4","FACE5","EDGE0","EDGE1","EDGE2","EDGE3","EDGE4","EDGE5","EDGE6","EDGE7","EDGE8","EDGE9","EDGE10","EDGE11","FACE0","FACE1","FACE2","FACE3","FACE4","FACE5","EDGE0","EDGE1","EDGE2","EDGE3","EDGE4","EDGE5","EDGE6","EDGE7","EDGE8","EDGE9","EDGE10","EDGE11","FACE0","FACE1","FACE2","FACE3","FACE4","FACE5","EDGE0","EDGE1","EDGE2","EDGE3","EDGE4","EDGE5","EDGE6","EDGE7","EDGE8","EDGE9","EDGE10","EDGE11","FACE0","FACE1","FACE2","FACE3","FACE4","FACE5","EDGE0","EDGE1","EDGE2","EDGE3","EDGE4","EDGE5","EDGE6","EDGE7","EDGE8","EDGE9","EDGE10","EDGE11","FACE0","FACE1","FACE2","FACE3","FACE4","FACE5","EDGE0","EDGE1","EDGE2","EDGE3","EDGE4","EDGE5","EDGE6","EDGE7","EDGE8","EDGE9","EDGE10","EDGE11","FACE0","FACE1","FACE2","FACE3","FACE4","FACE5","EDGE0","EDGE1","EDGE2","EDGE3","EDGE4","EDGE5","EDGE6","EDGE7","EDGE8","EDGE9","EDGE10","EDGE11","FACE0","FACE1","FACE2","FACE3","FACE4","FACE5","EDGE0","EDGE1","EDGE2","EDGE3","EDGE4","EDGE5","EDGE6","EDGE7","EDGE8","EDGE9","EDGE10","EDGE11","FACE0","FACE1","FACE2","FACE3","FACE4","FACE5"],
"objectNames" : ["box1","box2","box3","box4","box5","box6","box7","box8","box9","box10","box11","box12","box13","box14","box15","box16","box17","box18","box19"],
"pointsNumbers" : [56,56,56,56,56,56,56,56,56,56,56,56,56,56,56,56,56,56,56],
"text2d" : [],
"simpleShapes" : [[],[],[],[],[],[],[],[],[],[],[],[],[],[],[],[],[],[],[],[],[],[],[],[],[],[],[],[],[],[],[],[],[],[],[],[],[],[],[],[],[],[],[],[],[],[],[],[],[],[],[],[],[],[],[],[],[],[],[],[],[],[],[],[],[],[],[],[],[],[],[],[],[],[],[],[],[],[],[],[],[],[],[],[],[],[],[],[],[],[],[],[],[],[],[],[],[],[],[],[],[],[],[],[],[],[],[],[],[],[],[],[],[],[],[],[],[],[],[],[],[],[],[],[],[],[],[],[],[],[],[],[],[],[],[],[],[],[],[],[],[],[],[],[],[],[],[],[],[],[],[],[],[],[],[],[],[],[],[],[],[],[],[],[],[],[],[],[],[],[],[],[],[],[],[],[],[],[],[],[],[],[],[],[],[],[],[],[],[],[],[],[],[],[],[],[],[],[],[],[],[],[],[],[],[],[],[],[],[],[],[],[],[],[],[],[],[],[],[],[],[],[],[],[],[],[],[],[],[],[],[],[],[],[],[],[],[],[],[],[],[],[],[],[],[],[],[],[],[],[],[],[],[],[],[],[],[],[],[],[],[],[],[],[],[],[],[],[],[],[],[],[],[],[],[],[],[],[],[],[],[],[],[],[],[],[],[],[],[],[],[],[],[],[],[],[],[],[],[],[],[],[],[],[],[],[],[],[],[],[],[],[],[],[],[],[],[],[],[],[],[],[],[],[],[],[],[],[],[],[],[],[],[],[],[],[],[],[],[],[],[],[]],
"groupSettings" : [{},{},{},{},{},{},{},{},{},{},{},{},{},{},{},{},{},{},{},{},{},{},{},{},{},{},{},{},{},{},{},{},{},{},{},{},{},{},{},{},{},{},{},{},{},{},{},{},{},{},{},{},{},{},{},{},{},{},{},{},{},{},{},{},{},{},{},{},{},{},{},{},{},{},{},{},{},{},{},{},{},{},{},{},{},{},{},{},{},{},{},{},{},{},{},{},{},{},{},{},{},{},{},{},{},{},{},{},{},{},{},{},{},{},{},{},{},{},{},{},{},{},{},{},{},{},{},{},{},{},{},{},{},{},{},{},{},{},{},{},{},{},{},{},{},{},{},{},{},{},{},{},{},{},{},{},{},{},{},{},{},{},{},{},{},{},{},{},{},{},{},{},{},{},{},{},{},{},{},{},{},{},{},{},{},{},{},{},{},{},{},{},{},{},{},{},{},{},{},{},{},{},{},{},{},{},{},{},{},{},{},{},{},{},{},{},{},{},{},{},{},{},{},{},{},{},{},{},{},{},{},{},{},{},{},{},{},{},{},{},{},{},{},{},{},{},{},{},{},{},{},{},{},{},{},{},{},{},{},{},{},{},{},{},{},{},{},{},{},{},{},{},{},{},{},{},{},{},{},{},{},{},{},{},{},{},{},{},{},{},{},{},{},{},{},{},{},{},{},{},{},{},{},{},{},{},{},{},{},{},{},{},{},{},{},{},{},{},{},{},{},{},{},{},{},{},{},{},{},{},{},{},{},{},{},{},{},{},{},{},{},{}],
"objectSettings" : {"lineColor" : "#000000","faceColor" : "#00ff00","textColor" : "#000000","textSize" : 0.1,"transparancy" : 0.0,"lineWidth" : 1.0,"texture" : {}},
"minResult" : 1.7976931348623157E308,
"maxResult" : -1.7976931348623157E308,
"linePositionsSize" : 1368,
"positionsSize" : 4104,
"normalsSize" : 4104,
"uvsSize" : 2736,
"uuid" : "e69ae2cdef304e809dcea0ad92a429cd",
"pointsTable" : {"maxR" : 0.0,"minR" : 0.0,"tableSize" : 10,"table" : [[],[],[],[],[],[],[],[],[],[49,48,51,50,53,52,55,54,109,108,111,110,165,164,167,166,221,220,223,222,277,276,279,278,333,332,335,334,389,388,391,390,445,444,447,446,501,500,503,502,557,556,559,558,613,612,615,614,669,668,671,670,725,724,727,726,781,780,783,782,837,836,839,838,893,892,895,894,949,948,951,950,1005,1004,1007,1006,1061,1060,1063,1062]]}
},
{
"name" : "elastic_2",
"type" : 0,
"groups" : ["EDGE0","EDGE1","EDGE2","EDGE3","EDGE4","EDGE5","EDGE6","EDGE7","EDGE8","EDGE9","EDGE10","EDGE11","FACE0","FACE1","FACE2","FACE3","FACE4","FACE5","EDGE0","EDGE1","EDGE2","EDGE3","EDGE4","EDGE5","EDGE6","EDGE7","EDGE8","EDGE9","EDGE10","EDGE11","FACE0","FACE1","FACE2","FACE3","FACE4","FACE5","EDGE0","EDGE1","EDGE2","EDGE3","EDGE4","EDGE5","EDGE6","EDGE7","EDGE8","EDGE9","EDGE10","EDGE11","FACE0","FACE1","FACE2","FACE3","FACE4","FACE5","EDGE0","EDGE1","EDGE2","EDGE3","EDGE4","EDGE5","EDGE6","EDGE7","EDGE8","EDGE9","EDGE10","EDGE11","FACE0","FACE1","FACE2","FACE3","FACE4","FACE5","EDGE0","EDGE1","EDGE2","EDGE3","EDGE4","EDGE5","EDGE6","EDGE7","EDGE8","EDGE9","EDGE10","EDGE11","FACE0","FACE1","FACE2","FACE3","FACE4","FACE5","EDGE0","EDGE1","EDGE2","EDGE3","EDGE4","EDGE5","EDGE6","EDGE7","EDGE8","EDGE9","EDGE10","EDGE11","FACE0","FACE1","FACE2","FACE3","FACE4","FACE5","EDGE0","EDGE1","EDGE2","EDGE3","EDGE4","EDGE5","EDGE6","EDGE7","EDGE8","EDGE9","EDGE10","EDGE11","FACE0","FACE1","FACE2","FACE3","FACE4","FACE5","EDGE0","EDGE1","EDGE2","EDGE3","EDGE4","EDGE5","EDGE6","EDGE7","EDGE8","EDGE9","EDGE10","EDGE11","FACE0","FACE1","FACE2","FACE3","FACE4","FACE5","EDGE0","EDGE1","EDGE2","EDGE3","EDGE4","EDGE5","EDGE6","EDGE7","EDGE8","EDGE9","EDGE10","EDGE11","FACE0","FACE1","FACE2","FACE3","FACE4","FACE5","EDGE0","EDGE1","EDGE2","EDGE3","EDGE4","EDGE5","EDGE6","EDGE7","EDGE8","EDGE9","EDGE10","EDGE11","FACE0","FACE1","FACE2","FACE3","FACE4","FACE5","EDGE0","EDGE1","EDGE2","EDGE3","EDGE4","EDGE5","EDGE6","EDGE7","EDGE8","EDGE9","EDGE10","EDGE11","FACE0","FACE1","FACE2","FACE3","FACE4","FACE5","EDGE0","EDGE1","EDGE2","EDGE3","EDGE4","EDGE5","EDGE6","EDGE7","EDGE8","EDGE9","EDGE10","EDGE11","FACE0","FACE1","FACE2","FACE3","FACE4","FACE5","EDGE0","EDGE1","EDGE2","EDGE3","EDGE4","EDGE5","EDGE6","EDGE7","EDGE8","EDGE9","EDGE10","EDGE11","FACE0","FACE1","FACE2","FACE3","FACE4","FACE5","EDGE0","EDGE1","EDGE2","EDGE3","EDGE4","EDGE5","EDGE6","EDGE7","EDGE8","EDGE9","EDGE10","EDGE11","FACE0","FACE1","FACE2","FACE3","FACE4","FACE5","EDGE0","EDGE1","EDGE2","EDGE3","EDGE4","EDGE5","EDGE6","EDGE7","EDGE8","EDGE9","EDGE10","EDGE11","FACE0","FACE1","FACE2","FACE3","FACE4","FACE5","EDGE0","EDGE1","EDGE2","EDGE3","EDGE4","EDGE5","EDGE6","EDGE7","EDGE8","EDGE9","EDGE10","EDGE11","FACE0","FACE1","FACE2","FACE3","FACE4","FACE5","EDGE0","EDGE1","EDGE2","EDGE3","EDGE4","EDGE5","EDGE6","EDGE7","EDGE8","EDGE9","EDGE10","EDGE11","FACE0","FACE1","FACE2","FACE3","FACE4","FACE5","EDGE0","EDGE1","EDGE2","EDGE3","EDGE4","EDGE5","EDGE6","EDGE7","EDGE8","EDGE9","EDGE10","EDGE11","FACE0","FACE1","FACE2","FACE3","FACE4","FACE5","EDGE0","EDGE1","EDGE2","EDGE3","EDGE4","EDGE5","EDGE6","EDGE7","EDGE8","EDGE9","EDGE10","EDGE11","FACE0","FACE1","FACE2","FACE3","FACE4","FACE5"],
"objectNames" : ["box20","box21","box22","box23","box24","box25","box26","box27","box28","box29","box30","box31","box32","box33","box34","box35","box36","box37","box38"],
"pointsNumbers" : [56,56,56,56,56,56,56,56,56,56,56,56,56,56,56,56,56,56,56],
"text2d" : [],
"simpleShapes" : [[],[],[],[],[],[],[],[],[],[],[],[],[],[],[],[],[],[],[],[],[],[],[],[],[],[],[],[],[],[],[],[],[],[],[],[],[],[],[],[],[],[],[],[],[],[],[],[],[],[],[],[],[],[],[],[],[],[],[],[],[],[],[],[],[],[],[],[],[],[],[],[],[],[],[],[],[],[],[],[],[],[],[],[],[],[],[],[],[],[],[],[],[],[],[],[],[],[],[],[],[],[],[],[],[],[],[],[],[],[],[],[],[],[],[],[],[],[],[],[],[],[],[],[],[],[],[],[],[],[],[],[],[],[],[],[],[],[],[],[],[],[],[],[],[],[],[],[],[],[],[],[],[],[],[],[],[],[],[],[],[],[],[],[],[],[],[],[],[],[],[],[],[],[],[],[],[],[],[],[],[],[],[],[],[],[],[],[],[],[],[],[],[],[],[],[],[],[],[],[],[],[],[],[],[],[],[],[],[],[],[],[],[],[],[],[],[],[],[],[],[],[],[],[],[],[],[],[],[],[],[],[],[],[],[],[],[],[],[],[],[],[],[],[],[],[],[],[],[],[],[],[],[],[],[],[],[],[],[],[],[],[],[],[],[],[],[],[],[],[],[],[],[],[],[],[],[],[],[],[],[],[],[],[],[],[],[],[],[],[],[],[],[],[],[],[],[],[],[],[],[],[],[],[],[],[],[],[],[],[],[],[],[],[],[],[],[],[],[],[],[],[],[],[],[],[],[],[],[],[],[],[],[],[],[],[],[],[],[],[],[],[]],
"groupSettings" : [{},{},{},{},{},{},{},{},{},{},{},{},{},{},{},{},{},{},{},{},{},{},{},{},{},{},{},{},{},{},{},{},{},{},{},{},{},{},{},{},{},{},{},{},{},{},{},{},{},{},{},{},{},{},{},{},{},{},{},{},{},{},{},{},{},{},{},{},{},{},{},{},{},{},{},{},{},{},{},{},{},{},{},{},{},{},{},{},{},{},{},{},{},{},{},{},{},{},{},{},{},{},{},{},{},{},{},{},{},{},{},{},{},{},{},{},{},{},{},{},{},{},{},{},{},{},{},{},{},{},{},{},{},{},{},{},{},{},{},{},{},{},{},{},{},{},{},{},{},{},{},{},{},{},{},{},{},{},{},{},{},{},{},{},{},{},{},{},{},{},{},{},{},{},{},{},{},{},{},{},{},{},{},{},{},{},{},{},{},{},{},{},{},{},{},{},{},{},{},{},{},{},{},{},{},{},{},{},{},{},{},{},{},{},{},{},{},{},{},{},{},{},{},{},{},{},{},{},{},{},{},{},{},{},{},{},{},{},{},{},{},{},{},{},{},{},{},{},{},{},{},{},{},{},{},{},{},{},{},{},{},{},{},{},{},{},{},{},{},{},{},{},{},{},{},{},{},{},{},{},{},{},{},{},{},{},{},{},{},{},{},{},{},{},{},{},{},{},{},{},{},{},{},{},{},{},{},{},{},{},{},{},{},{},{},{},{},{},{},{},{},{},{},{},{},{},{},{},{},{},{},{},{},{},{},{},{},{},{},{},{},{}],
"objectSettings" : {"lineColor" : "#000000","faceColor" : "#00ff00","textColor" : "#000000","textSize" : 0.1,"transparancy" : 0.0,"lineWidth" : 1.0,"texture" : {}},
"minResult" : 1.7976931348623157E308,
"maxResult" : -1.7976931348623157E308,
"linePositionsSize" : 1368,
"positionsSize" : 4104,
"normalsSize" : 4104,
"uvsSize" : 2736,
"uuid" : "3fd860f266c34aab937aa3310b3579c8",
"pointsTable" : {"maxR" : 0.0,"minR" : 0.0,"tableSize" : 10,"table" : [[],[],[],[],[],[],[],[],[],[49,51,53,55,48,50,52,109,54,111,108,110,165,167,164,166,221,223,220,222,277,279,276,278,333,335,332,334,389,391,388,390,445,447,444,446,501,503,500,502,557,559,556,558,613,615,612,614,669,671,668,670,725,727,724,726,781,783,780,782,837,839,836,838,893,895,892,894,949,951,948,950,1005,1007,1004,1006,1061,1063,1060,1062]]}
},
{
"name" : "elastic_4",
"type" : 0,
"groups" : ["EDGE0","EDGE1","EDGE2","EDGE3","EDGE4","EDGE5","EDGE6","EDGE7","EDGE8","EDGE9","EDGE10","EDGE11","FACE0","FACE1","FACE2","FACE3","FACE4","FACE5","EDGE0","EDGE1","EDGE2","EDGE3","EDGE4","EDGE5","EDGE6","EDGE7","EDGE8","EDGE9","EDGE10","EDGE11","FACE0","FACE1","FACE2","FACE3","FACE4","FACE5","EDGE0","EDGE1","EDGE2","EDGE3","EDGE4","EDGE5","EDGE6","EDGE7","EDGE8","EDGE9","EDGE10","EDGE11","FACE0","FACE1","FACE2","FACE3","FACE4","FACE5","EDGE0","EDGE1","EDGE2","EDGE3","EDGE4","EDGE5","EDGE6","EDGE7","EDGE8","EDGE9","EDGE10","EDGE11","FACE0","FACE1","FACE2","FACE3","FACE4","FACE5","EDGE0","EDGE1","EDGE2","EDGE3","EDGE4","EDGE5","EDGE6","EDGE7","EDGE8","EDGE9","EDGE10","EDGE11","FACE0","FACE1","FACE2","FACE3","FACE4","FACE5","EDGE0","EDGE1","EDGE2","EDGE3","EDGE4","EDGE5","EDGE6","EDGE7","EDGE8","EDGE9","EDGE10","EDGE11","FACE0","FACE1","FACE2","FACE3","FACE4","FACE5","EDGE0","EDGE1","EDGE2","EDGE3","EDGE4","EDGE5","EDGE6","EDGE7","EDGE8","EDGE9","EDGE10","EDGE11","FACE0","FACE1","FACE2","FACE3","FACE4","FACE5","EDGE0","EDGE1","EDGE2","EDGE3","EDGE4","EDGE5","EDGE6","EDGE7","EDGE8","EDGE9","EDGE10","EDGE11","FACE0","FACE1","FACE2","FACE3","FACE4","FACE5","EDGE0","EDGE1","EDGE2","EDGE3","EDGE4","EDGE5","EDGE6","EDGE7","EDGE8","EDGE9","EDGE10","EDGE11","FACE0","FACE1","FACE2","FACE3","FACE4","FACE5","EDGE0","EDGE1","EDGE2","EDGE3","EDGE4","EDGE5","EDGE6","EDGE7","EDGE8","EDGE9","EDGE10","EDGE11","FACE0","FACE1","FACE2","FACE3","FACE4","FACE5","EDGE0","EDGE1","EDGE2","EDGE3","EDGE4","EDGE5","EDGE6","EDGE7","EDGE8","EDGE9","EDGE10","EDGE11","FACE0","FACE1","FACE2","FACE3","FACE4","FACE5","EDGE0","EDGE1","EDGE2","EDGE3","EDGE4","EDGE5","EDGE6","EDGE7","EDGE8","EDGE9","EDGE10","EDGE11","FACE0","FACE1","FACE2","FACE3","FACE4","FACE5","EDGE0","EDGE1","EDGE2","EDGE3","EDGE4","EDGE5","EDGE6","EDGE7","EDGE8","EDGE9","EDGE10","EDGE11","FACE0","FACE1","FACE2","FACE3","FACE4","FACE5","EDGE0","EDGE1","EDGE2","EDGE3","EDGE4","EDGE5","EDGE6","EDGE7","EDGE8","EDGE9","EDGE10","EDGE11","FACE0","FACE1","FACE2","FACE3","FACE4","FACE5","EDGE0","EDGE1","EDGE2","EDGE3","EDGE4","EDGE5","EDGE6","EDGE7","EDGE8","EDGE9","EDGE10","EDGE11","FACE0","FACE1","FACE2","FACE3","FACE4","FACE5","EDGE0","EDGE1","EDGE2","EDGE3","EDGE4","EDGE5","EDGE6","EDGE7","EDGE8","EDGE9","EDGE10","EDGE11","FACE0","FACE1","FACE2","FACE3","FACE4","FACE5","EDGE0","EDGE1","EDGE2","EDGE3","EDGE4","EDGE5","EDGE6","EDGE7","EDGE8","EDGE9","EDGE10","EDGE11","FACE0","FACE1","FACE2","FACE3","FACE4","FACE5","EDGE0","EDGE1","EDGE2","EDGE3","EDGE4","EDGE5","EDGE6","EDGE7","EDGE8","EDGE9","EDGE10","EDGE11","FACE0","FACE1","FACE2","FACE3","FACE4","FACE5","EDGE0","EDGE1","EDGE2","EDGE3","EDGE4","EDGE5","EDGE6","EDGE7","EDGE8","EDGE9","EDGE10","EDGE11","FACE0","FACE1","FACE2","FACE3","FACE4","FACE5"],
"objectNames" : ["box39","box40","box41","box42","box43","box44","box45","box46","box47","box48","box49","box50","box51","box52","box53","box54","box55","box56","box57"],
"pointsNumbers" : [56,56,56,56,56,56,56,56,56,56,56,56,56,56,56,56,56,56,56],
"text2d" : [],
"simpleShapes" : [[],[],[],[],[],[],[],[],[],[],[],[],[],[],[],[],[],[],[],[],[],[],[],[],[],[],[],[],[],[],[],[],[],[],[],[],[],[],[],[],[],[],[],[],[],[],[],[],[],[],[],[],[],[],[],[],[],[],[],[],[],[],[],[],[],[],[],[],[],[],[],[],[],[],[],[],[],[],[],[],[],[],[],[],[],[],[],[],[],[],[],[],[],[],[],[],[],[],[],[],[],[],[],[],[],[],[],[],[],[],[],[],[],[],[],[],[],[],[],[],[],[],[],[],[],[],[],[],[],[],[],[],[],[],[],[],[],[],[],[],[],[],[],[],[],[],[],[],[],[],[],[],[],[],[],[],[],[],[],[],[],[],[],[],[],[],[],[],[],[],[],[],[],[],[],[],[],[],[],[],[],[],[],[],[],[],[],[],[],[],[],[],[],[],[],[],[],[],[],[],[],[],[],[],[],[],[],[],[],[],[],[],[],[],[],[],[],[],[],[],[],[],[],[],[],[],[],[],[],[],[],[],[],[],[],[],[],[],[],[],[],[],[],[],[],[],[],[],[],[],[],[],[],[],[],[],[],[],[],[],[],[],[],[],[],[],[],[],[],[],[],[],[],[],[],[],[],[],[],[],[],[],[],[],[],[],[],[],[],[],[],[],[],[],[],[],[],[],[],[],[],[],[],[],[],[],[],[],[],[],[],[],[],[],[],[],[],[],[],[],[],[],[],[],[],[],[],[],[],[],[],[],[],[],[],[],[],[],[],[],[],[]],
"groupSettings" : [{},{},{},{},{},{},{},{},{},{},{},{},{},{},{},{},{},{},{},{},{},{},{},{},{},{},{},{},{},{},{},{},{},{},{},{},{},{},{},{},{},{},{},{},{},{},{},{},{},{},{},{},{},{},{},{},{},{},{},{},{},{},{},{},{},{},{},{},{},{},{},{},{},{},{},{},{},{},{},{},{},{},{},{},{},{},{},{},{},{},{},{},{},{},{},{},{},{},{},{},{},{},{},{},{},{},{},{},{},{},{},{},{},{},{},{},{},{},{},{},{},{},{},{},{},{},{},{},{},{},{},{},{},{},{},{},{},{},{},{},{},{},{},{},{},{},{},{},{},{},{},{},{},{},{},{},{},{},{},{},{},{},{},{},{},{},{},{},{},{},{},{},{},{},{},{},{},{},{},{},{},{},{},{},{},{},{},{},{},{},{},{},{},{},{},{},{},{},{},{},{},{},{},{},{},{},{},{},{},{},{},{},{},{},{},{},{},{},{},{},{},{},{},{},{},{},{},{},{},{},{},{},{},{},{},{},{},{},{},{},{},{},{},{},{},{},{},{},{},{},{},{},{},{},{},{},{},{},{},{},{},{},{},{},{},{},{},{},{},{},{},{},{},{},{},{},{},{},{},{},{},{},{},{},{},{},{},{},{},{},{},{},{},{},{},{},{},{},{},{},{},{},{},{},{},{},{},{},{},{},{},{},{},{},{},{},{},{},{},{},{},{},{},{},{},{},{},{},{},{},{},{},{},{},{},{},{},{},{},{},{},{}],
"objectSettings" : {"lineColor" : "#000000","faceColor" : "#00ff00","textColor" : "#000000","textSize" : 0.1,"transparancy" : 0.0,"lineWidth" : 1.0,"texture" : {}},
"minResult" : 1.7976931348623157E308,
"maxResult" : -1.7976931348623157E308,
"linePositionsSize" : 1368,
"positionsSize" : 4104,
"normalsSize" : 4104,
"uvsSize" : 2736,
"uuid" : "d2029fbe65dd4f039cb14dfe2b2650f2",
"pointsTable" : {"maxR" : 0.0,"minR" : 0.0,"tableSize" : 10,"table" : [[],[],[],[],[],[],[],[],[],[49,51,53,55,109,48,111,50,52,54,165,167,108,110,164,221,166,223,220,222,277,279,276,278,333,335,332,334,389,391,388,390,445,447,444,446,501,503,500,502,557,559,556,558,613,615,612,614,669,671,668,670,725,727,724,726,781,783,780,782,837,839,836,838,893,895,892,894,949,951,948,950,1005,1007,1004,1006,1061,1063,1060,1062]]}
},
{
"name" : "elastic_6",
"type" : 0,
"groups" : ["EDGE0","EDGE1","EDGE2","EDGE3","EDGE4","EDGE5","EDGE6","EDGE7","EDGE8","EDGE9","EDGE10","EDGE11","FACE0","FACE1","FACE2","FACE3","FACE4","FACE5","EDGE0","EDGE1","EDGE2","EDGE3","EDGE4","EDGE5","EDGE6","EDGE7","EDGE8","EDGE9","EDGE10","EDGE11","FACE0","FACE1","FACE2","FACE3","FACE4","FACE5","EDGE0","EDGE1","EDGE2","EDGE3","EDGE4","EDGE5","EDGE6","EDGE7","EDGE8","EDGE9","EDGE10","EDGE11","FACE0","FACE1","FACE2","FACE3","FACE4","FACE5","EDGE0","EDGE1","EDGE2","EDGE3","EDGE4","EDGE5","EDGE6","EDGE7","EDGE8","EDGE9","EDGE10","EDGE11","FACE0","FACE1","FACE2","FACE3","FACE4","FACE5","EDGE0","EDGE1","EDGE2","EDGE3","EDGE4","EDGE5","EDGE6","EDGE7","EDGE8","EDGE9","EDGE10","EDGE11","FACE0","FACE1","FACE2","FACE3","FACE4","FACE5","EDGE0","EDGE1","EDGE2","EDGE3","EDGE4","EDGE5","EDGE6","EDGE7","EDGE8","EDGE9","EDGE10","EDGE11","FACE0","FACE1","FACE2","FACE3","FACE4","FACE5","EDGE0","EDGE1","EDGE2","EDGE3","EDGE4","EDGE5","EDGE6","EDGE7","EDGE8","EDGE9","EDGE10","EDGE11","FACE0","FACE1","FACE2","FACE3","FACE4","FACE5","EDGE0","EDGE1","EDGE2","EDGE3","EDGE4","EDGE5","EDGE6","EDGE7","EDGE8","EDGE9","EDGE10","EDGE11","FACE0","FACE1","FACE2","FACE3","FACE4","FACE5","EDGE0","EDGE1","EDGE2","EDGE3","EDGE4","EDGE5","EDGE6","EDGE7","EDGE8","EDGE9","EDGE10","EDGE11","FACE0","FACE1","FACE2","FACE3","FACE4","FACE5","EDGE0","EDGE1","EDGE2","EDGE3","EDGE4","EDGE5","EDGE6","EDGE7","EDGE8","EDGE9","EDGE10","EDGE11","FACE0","FACE1","FACE2","FACE3","FACE4","FACE5","EDGE0","EDGE1","EDGE2","EDGE3","EDGE4","EDGE5","EDGE6","EDGE7","EDGE8","EDGE9","EDGE10","EDGE11","FACE0","FACE1","FACE2","FACE3","FACE4","FACE5","EDGE0","EDGE1","EDGE2","EDGE3","EDGE4","EDGE5","EDGE6","EDGE7","EDGE8","EDGE9","EDGE10","EDGE11","FACE0","FACE1","FACE2","FACE3","FACE4","FACE5","EDGE0","EDGE1","EDGE2","EDGE3","EDGE4","EDGE5","EDGE6","EDGE7","EDGE8","EDGE9","EDGE10","EDGE11","FACE0","FACE1","FACE2","FACE3","FACE4","FACE5","EDGE0","EDGE1","EDGE2","EDGE3","EDGE4","EDGE5","EDGE6","EDGE7","EDGE8","EDGE9","EDGE10","EDGE11","FACE0","FACE1","FACE2","FACE3","FACE4","FACE5","EDGE0","EDGE1","EDGE2","EDGE3","EDGE4","EDGE5","EDGE6","EDGE7","EDGE8","EDGE9","EDGE10","EDGE11","FACE0","FACE1","FACE2","FACE3","FACE4","FACE5","EDGE0","EDGE1","EDGE2","EDGE3","EDGE4","EDGE5","EDGE6","EDGE7","EDGE8","EDGE9","EDGE10","EDGE11","FACE0","FACE1","FACE2","FACE3","FACE4","FACE5","EDGE0","EDGE1","EDGE2","EDGE3","EDGE4","EDGE5","EDGE6","EDGE7","EDGE8","EDGE9","EDGE10","EDGE11","FACE0","FACE1","FACE2","FACE3","FACE4","FACE5","EDGE0","EDGE1","EDGE2","EDGE3","EDGE4","EDGE5","EDGE6","EDGE7","EDGE8","EDGE9","EDGE10","EDGE11","FACE0","FACE1","FACE2","FACE3","FACE4","FACE5","EDGE0","EDGE1","EDGE2","EDGE3","EDGE4","EDGE5","EDGE6","EDGE7","EDGE8","EDGE9","EDGE10","EDGE11","FACE0","FACE1","FACE2","FACE3","FACE4","FACE5"],
"objectNames" : ["box58","box59","box60","box61","box62","box63","box64","box65","box66","box67","box68","box69","box70","box71","box72","box73","box74","box75","box76"],
"pointsNumbers" : [56,56,56,56,56,56,56,56,56,56,56,56,56,56,56,56,56,56,56],
"text2d" : [],
"simpleShapes" : [[],[],[],[],[],[],[],[],[],[],[],[],[],[],[],[],[],[],[],[],[],[],[],[],[],[],[],[],[],[],[],[],[],[],[],[],[],[],[],[],[],[],[],[],[],[],[],[],[],[],[],[],[],[],[],[],[],[],[],[],[],[],[],[],[],[],[],[],[],[],[],[],[],[],[],[],[],[],[],[],[],[],[],[],[],[],[],[],[],[],[],[],[],[],[],[],[],[],[],[],[],[],[],[],[],[],[],[],[],[],[],[],[],[],[],[],[],[],[],[],[],[],[],[],[],[],[],[],[],[],[],[],[],[],[],[],[],[],[],[],[],[],[],[],[],[],[],[],[],[],[],[],[],[],[],[],[],[],[],[],[],[],[],[],[],[],[],[],[],[],[],[],[],[],[],[],[],[],[],[],[],[],[],[],[],[],[],[],[],[],[],[],[],[],[],[],[],[],[],[],[],[],[],[],[],[],[],[],[],[],[],[],[],[],[],[],[],[],[],[],[],[],[],[],[],[],[],[],[],[],[],[],[],[],[],[],[],[],[],[],[],[],[],[],[],[],[],[],[],[],[],[],[],[],[],[],[],[],[],[],[],[],[],[],[],[],[],[],[],[],[],[],[],[],[],[],[],[],[],[],[],[],[],[],[],[],[],[],[],[],[],[],[],[],[],[],[],[],[],[],[],[],[],[],[],[],[],[],[],[],[],[],[],[],[],[],[],[],[],[],[],[],[],[],[],[],[],[],[],[],[],[],[],[],[],[],[],[],[],[],[],[]],
"groupSettings" : [{},{},{},{},{},{},{},{},{},{},{},{},{},{},{},{},{},{},{},{},{},{},{},{},{},{},{},{},{},{},{},{},{},{},{},{},{},{},{},{},{},{},{},{},{},{},{},{},{},{},{},{},{},{},{},{},{},{},{},{},{},{},{},{},{},{},{},{},{},{},{},{},{},{},{},{},{},{},{},{},{},{},{},{},{},{},{},{},{},{},{},{},{},{},{},{},{},{},{},{},{},{},{},{},{},{},{},{},{},{},{},{},{},{},{},{},{},{},{},{},{},{},{},{},{},{},{},{},{},{},{},{},{},{},{},{},{},{},{},{},{},{},{},{},{},{},{},{},{},{},{},{},{},{},{},{},{},{},{},{},{},{},{},{},{},{},{},{},{},{},{},{},{},{},{},{},{},{},{},{},{},{},{},{},{},{},{},{},{},{},{},{},{},{},{},{},{},{},{},{},{},{},{},{},{},{},{},{},{},{},{},{},{},{},{},{},{},{},{},{},{},{},{},{},{},{},{},{},{},{},{},{},{},{},{},{},{},{},{},{},{},{},{},{},{},{},{},{},{},{},{},{},{},{},{},{},{},{},{},{},{},{},{},{},{},{},{},{},{},{},{},{},{},{},{},{},{},{},{},{},{},{},{},{},{},{},{},{},{},{},{},{},{},{},{},{},{},{},{},{},{},{},{},{},{},{},{},{},{},{},{},{},{},{},{},{},{},{},{},{},{},{},{},{},{},{},{},{},{},{},{},{},{},{},{},{},{},{},{},{},{},{}],
"objectSettings" : {"lineColor" : "#000000","faceColor" : "#00ff00","textColor" : "#000000","textSize" : 0.1,"transparancy" : 0.0,"lineWidth" : 1.0,"texture" : {}},
"minResult" : 1.7976931348623157E308,
"maxResult" : -1.7976931348623157E308,
"linePositionsSize" : 1368,
"positionsSize" : 4104,
"normalsSize" : 4104,
"uvsSize" : 2736,
"uuid" : "56cd9cfa5b0e48b7b93227c40cd10bda",
"pointsTable" : {"maxR" : 0.0,"minR" : 0.0,"tableSize" : 10,"table" : [[],[],[],[],[],[],[],[],[],[49,51,53,55,109,111,48,50,165,52,167,54,108,110,221,223,164,166,277,279,220,222,276,333,278,335,332,334,389,391,388,390,445,447,444,446,501,503,500,502,557,559,556,558,613,615,612,614,669,671,668,670,725,727,724,726,781,783,780,782,837,839,836,838,893,895,892,894,949,951,948,950,1005,1007,1004,1006,1061,1063,1060,1062]]}
},
{
"name" : "elastic_8",
"type" : 0,
"groups" : ["EDGE0","EDGE1","EDGE2","EDGE3","EDGE4","EDGE5","EDGE6","EDGE7","EDGE8","EDGE9","EDGE10","EDGE11","FACE0","FACE1","FACE2","FACE3","FACE4","FACE5","EDGE0","EDGE1","EDGE2","EDGE3","EDGE4","EDGE5","EDGE6","EDGE7","EDGE8","EDGE9","EDGE10","EDGE11","FACE0","FACE1","FACE2","FACE3","FACE4","FACE5","EDGE0","EDGE1","EDGE2","EDGE3","EDGE4","EDGE5","EDGE6","EDGE7","EDGE8","EDGE9","EDGE10","EDGE11","FACE0","FACE1","FACE2","FACE3","FACE4","FACE5","EDGE0","EDGE1","EDGE2","EDGE3","EDGE4","EDGE5","EDGE6","EDGE7","EDGE8","EDGE9","EDGE10","EDGE11","FACE0","FACE1","FACE2","FACE3","FACE4","FACE5","EDGE0","EDGE1","EDGE2","EDGE3","EDGE4","EDGE5","EDGE6","EDGE7","EDGE8","EDGE9","EDGE10","EDGE11","FACE0","FACE1","FACE2","FACE3","FACE4","FACE5","EDGE0","EDGE1","EDGE2","EDGE3","EDGE4","EDGE5","EDGE6","EDGE7","EDGE8","EDGE9","EDGE10","EDGE11","FACE0","FACE1","FACE2","FACE3","FACE4","FACE5","EDGE0","EDGE1","EDGE2","EDGE3","EDGE4","EDGE5","EDGE6","EDGE7","EDGE8","EDGE9","EDGE10","EDGE11","FACE0","FACE1","FACE2","FACE3","FACE4","FACE5","EDGE0","EDGE1","EDGE2","EDGE3","EDGE4","EDGE5","EDGE6","EDGE7","EDGE8","EDGE9","EDGE10","EDGE11","FACE0","FACE1","FACE2","FACE3","FACE4","FACE5","EDGE0","EDGE1","EDGE2","EDGE3","EDGE4","EDGE5","EDGE6","EDGE7","EDGE8","EDGE9","EDGE10","EDGE11","FACE0","FACE1","FACE2","FACE3","FACE4","FACE5","EDGE0","EDGE1","EDGE2","EDGE3","EDGE4","EDGE5","EDGE6","EDGE7","EDGE8","EDGE9","EDGE10","EDGE11","FACE0","FACE1","FACE2","FACE3","FACE4","FACE5","EDGE0","EDGE1","EDGE2","EDGE3","EDGE4","EDGE5","EDGE6","EDGE7","EDGE8","EDGE9","EDGE10","EDGE11","FACE0","FACE1","FACE2","FACE3","FACE4","FACE5","EDGE0","EDGE1","EDGE2","EDGE3","EDGE4","EDGE5","EDGE6","EDGE7","EDGE8","EDGE9","EDGE10","EDGE11","FACE0","FACE1","FACE2","FACE3","FACE4","FACE5","EDGE0","EDGE1","EDGE2","EDGE3","EDGE4","EDGE5","EDGE6","EDGE7","EDGE8","EDGE9","EDGE10","EDGE11","FACE0","FACE1","FACE2","FACE3","FACE4","FACE5","EDGE0","EDGE1","EDGE2","EDGE3","EDGE4","EDGE5","EDGE6","EDGE7","EDGE8","EDGE9","EDGE10","EDGE11","FACE0","FACE1","FACE2","FACE3","FACE4","FACE5","EDGE0","EDGE1","EDGE2","EDGE3","EDGE4","EDGE5","EDGE6","EDGE7","EDGE8","EDGE9","EDGE10","EDGE11","FACE0","FACE1","FACE2","FACE3","FACE4","FACE5","EDGE0","EDGE1","EDGE2","EDGE3","EDGE4","EDGE5","EDGE6","EDGE7","EDGE8","EDGE9","EDGE10","EDGE11","FACE0","FACE1","FACE2","FACE3","FACE4","FACE5","EDGE0","EDGE1","EDGE2","EDGE3","EDGE4","EDGE5","EDGE6","EDGE7","EDGE8","EDGE9","EDGE10","EDGE11","FACE0","FACE1","FACE2","FACE3","FACE4","FACE5","EDGE0","EDGE1","EDGE2","EDGE3","EDGE4","EDGE5","EDGE6","EDGE7","EDGE8","EDGE9","EDGE10","EDGE11","FACE0","FACE1","FACE2","FACE3","FACE4","FACE5","EDGE0","EDGE1","EDGE2","EDGE3","EDGE4","EDGE5","EDGE6","EDGE7","EDGE8","EDGE9","EDGE10","EDGE11","FACE0","FACE1","FACE2","FACE3","FACE4","FACE5"],
"objectNames" : ["box77","box78","box79","box80","box81","box82","box83","box84","box85","box86","box87","box88","box89","box90","box91","box92","box93","box94","box95"],
"pointsNumbers" : [56,56,56,56,56,56,56,56,56,56,56,56,56,56,56,56,56,56,56],
"text2d" : [],
"simpleShapes" : [[],[],[],[],[],[],[],[],[],[],[],[],[],[],[],[],[],[],[],[],[],[],[],[],[],[],[],[],[],[],[],[],[],[],[],[],[],[],[],[],[],[],[],[],[],[],[],[],[],[],[],[],[],[],[],[],[],[],[],[],[],[],[],[],[],[],[],[],[],[],[],[],[],[],[],[],[],[],[],[],[],[],[],[],[],[],[],[],[],[],[],[],[],[],[],[],[],[],[],[],[],[],[],[],[],[],[],[],[],[],[],[],[],[],[],[],[],[],[],[],[],[],[],[],[],[],[],[],[],[],[],[],[],[],[],[],[],[],[],[],[],[],[],[],[],[],[],[],[],[],[],[],[],[],[],[],[],[],[],[],[],[],[],[],[],[],[],[],[],[],[],[],[],[],[],[],[],[],[],[],[],[],[],[],[],[],[],[],[],[],[],[],[],[],[],[],[],[],[],[],[],[],[],[],[],[],[],[],[],[],[],[],[],[],[],[],[],[],[],[],[],[],[],[],[],[],[],[],[],[],[],[],[],[],[],[],[],[],[],[],[],[],[],[],[],[],[],[],[],[],[],[],[],[],[],[],[],[],[],[],[],[],[],[],[],[],[],[],[],[],[],[],[],[],[],[],[],[],[],[],[],[],[],[],[],[],[],[],[],[],[],[],[],[],[],[],[],[],[],[],[],[],[],[],[],[],[],[],[],[],[],[],[],[],[],[],[],[],[],[],[],[],[],[],[],[],[],[],[],[],[],[],[],[],[],[],[],[],[],[],[],[]],
"groupSettings" : [{},{},{},{},{},{},{},{},{},{},{},{},{},{},{},{},{},{},{},{},{},{},{},{},{},{},{},{},{},{},{},{},{},{},{},{},{},{},{},{},{},{},{},{},{},{},{},{},{},{},{},{},{},{},{},{},{},{},{},{},{},{},{},{},{},{},{},{},{},{},{},{},{},{},{},{},{},{},{},{},{},{},{},{},{},{},{},{},{},{},{},{},{},{},{},{},{},{},{},{},{},{},{},{},{},{},{},{},{},{},{},{},{},{},{},{},{},{},{},{},{},{},{},{},{},{},{},{},{},{},{},{},{},{},{},{},{},{},{},{},{},{},{},{},{},{},{},{},{},{},{},{},{},{},{},{},{},{},{},{},{},{},{},{},{},{},{},{},{},{},{},{},{},{},{},{},{},{},{},{},{},{},{},{},{},{},{},{},{},{},{},{},{},{},{},{},{},{},{},{},{},{},{},{},{},{},{},{},{},{},{},{},{},{},{},{},{},{},{},{},{},{},{},{},{},{},{},{},{},{},{},{},{},{},{},{},{},{},{},{},{},{},{},{},{},{},{},{},{},{},{},{},{},{},{},{},{},{},{},{},{},{},{},{},{},{},{},{},{},{},{},{},{},{},{},{},{},{},{},{},{},{},{},{},{},{},{},{},{},{},{},{},{},{},{},{},{},{},{},{},{},{},{},{},{},{},{},{},{},{},{},{},{},{},{},{},{},{},{},{},{},{},{},{},{},{},{},{},{},{},{},{},{},{},{},{},{},{},{},{},{},{}],
"objectSettings" : {"lineColor" : "#000000","faceColor" : "#00ff00","textColor" : "#000000","textSize" : 0.1,"transparancy" : 0.0,"lineWidth" : 1.0,"texture" : {}},
"minResult" : 1.7976931348623157E308,
"maxResult" : -1.7976931348623157E308,
"linePositionsSize" : 1368,
"positionsSize" : 4104,
"normalsSize" : 4104,
"uvsSize" : 2736,
"uuid" : "41b7eb5d684c4d2192d5da5dbff09f0d",
"pointsTable" : {"maxR" : 0.0,"minR" : 0.0,"tableSize" : 10,"table" : [[],[],[],[],[],[],[],[],[],[49,51,53,55,109,111,165,167,48,50,52,54,221,108,223,110,164,166,277,279,220,222,333,335,276,278,389,391,332,334,388,445,390,447,444,446,501,503,500,502,557,559,556,558,613,615,612,614,669,671,668,670,725,727,724,726,781,783,780,782,837,839,836,838,893,895,892,894,949,951,948,950,1005,1007,1004,1006,1061,1063,1060,1062]]}
},
{
"name" : "elastic_10",
"type" : 0,
"groups" : ["EDGE0","EDGE1","EDGE2","EDGE3","EDGE4","EDGE5","EDGE6","EDGE7","EDGE8","EDGE9","EDGE10","EDGE11","FACE0","FACE1","FACE2","FACE3","FACE4","FACE5","EDGE0","EDGE1","EDGE2","EDGE3","EDGE4","EDGE5","EDGE6","EDGE7","EDGE8","EDGE9","EDGE10","EDGE11","FACE0","FACE1","FACE2","FACE3","FACE4","FACE5","EDGE0","EDGE1","EDGE2","EDGE3","EDGE4","EDGE5","EDGE6","EDGE7","EDGE8","EDGE9","EDGE10","EDGE11","FACE0","FACE1","FACE2","FACE3","FACE4","FACE5","EDGE0","EDGE1","EDGE2","EDGE3","EDGE4","EDGE5","EDGE6","EDGE7","EDGE8","EDGE9","EDGE10","EDGE11","FACE0","FACE1","FACE2","FACE3","FACE4","FACE5","EDGE0","EDGE1","EDGE2","EDGE3","EDGE4","EDGE5","EDGE6","EDGE7","EDGE8","EDGE9","EDGE10","EDGE11","FACE0","FACE1","FACE2","FACE3","FACE4","FACE5","EDGE0","EDGE1","EDGE2","EDGE3","EDGE4","EDGE5","EDGE6","EDGE7","EDGE8","EDGE9","EDGE10","EDGE11","FACE0","FACE1","FACE2","FACE3","FACE4","FACE5","EDGE0","EDGE1","EDGE2","EDGE3","EDGE4","EDGE5","EDGE6","EDGE7","EDGE8","EDGE9","EDGE10","EDGE11","FACE0","FACE1","FACE2","FACE3","FACE4","FACE5","EDGE0","EDGE1","EDGE2","EDGE3","EDGE4","EDGE5","EDGE6","EDGE7","EDGE8","EDGE9","EDGE10","EDGE11","FACE0","FACE1","FACE2","FACE3","FACE4","FACE5","EDGE0","EDGE1","EDGE2","EDGE3","EDGE4","EDGE5","EDGE6","EDGE7","EDGE8","EDGE9","EDGE10","EDGE11","FACE0","FACE1","FACE2","FACE3","FACE4","FACE5","EDGE0","EDGE1","EDGE2","EDGE3","EDGE4","EDGE5","EDGE6","EDGE7","EDGE8","EDGE9","EDGE10","EDGE11","FACE0","FACE1","FACE2","FACE3","FACE4","FACE5","EDGE0","EDGE1","EDGE2","EDGE3","EDGE4","EDGE5","EDGE6","EDGE7","EDGE8","EDGE9","EDGE10","EDGE11","FACE0","FACE1","FACE2","FACE3","FACE4","FACE5","EDGE0","EDGE1","EDGE2","EDGE3","EDGE4","EDGE5","EDGE6","EDGE7","EDGE8","EDGE9","EDGE10","EDGE11","FACE0","FACE1","FACE2","FACE3","FACE4","FACE5","EDGE0","EDGE1","EDGE2","EDGE3","EDGE4","EDGE5","EDGE6","EDGE7","EDGE8","EDGE9","EDGE10","EDGE11","FACE0","FACE1","FACE2","FACE3","FACE4","FACE5","EDGE0","EDGE1","EDGE2","EDGE3","EDGE4","EDGE5","EDGE6","EDGE7","EDGE8","EDGE9","EDGE10","EDGE11","FACE0","FACE1","FACE2","FACE3","FACE4","FACE5","EDGE0","EDGE1","EDGE2","EDGE3","EDGE4","EDGE5","EDGE6","EDGE7","EDGE8","EDGE9","EDGE10","EDGE11","FACE0","FACE1","FACE2","FACE3","FACE4","FACE5","EDGE0","EDGE1","EDGE2","EDGE3","EDGE4","EDGE5","EDGE6","EDGE7","EDGE8","EDGE9","EDGE10","EDGE11","FACE0","FACE1","FACE2","FACE3","FACE4","FACE5","EDGE0","EDGE1","EDGE2","EDGE3","EDGE4","EDGE5","EDGE6","EDGE7","EDGE8","EDGE9","EDGE10","EDGE11","FACE0","FACE1","FACE2","FACE3","FACE4","FACE5","EDGE0","EDGE1","EDGE2","EDGE3","EDGE4","EDGE5","EDGE6","EDGE7","EDGE8","EDGE9","EDGE10","EDGE11","FACE0","FACE1","FACE2","FACE3","FACE4","FACE5","EDGE0","EDGE1","EDGE2","EDGE3","EDGE4","EDGE5","EDGE6","EDGE7","EDGE8","EDGE9","EDGE10","EDGE11","FACE0","FACE1","FACE2","FACE3","FACE4","FACE5"],
"objectNames" : ["box96","box97","box98","box99","box100","box101","box102","box103","box104","box105","box106","box107","box108","box109","box110","box111","box112","box113","box114"],
"pointsNumbers" : [56,56,56,56,56,56,56,56,56,56,56,56,56,56,56,56,56,56,56],
"text2d" : [],
"simpleShapes" : [[],[],[],[],[],[],[],[],[],[],[],[],[],[],[],[],[],[],[],[],[],[],[],[],[],[],[],[],[],[],[],[],[],[],[],[],[],[],[],[],[],[],[],[],[],[],[],[],[],[],[],[],[],[],[],[],[],[],[],[],[],[],[],[],[],[],[],[],[],[],[],[],[],[],[],[],[],[],[],[],[],[],[],[],[],[],[],[],[],[],[],[],[],[],[],[],[],[],[],[],[],[],[],[],[],[],[],[],[],[],[],[],[],[],[],[],[],[],[],[],[],[],[],[],[],[],[],[],[],[],[],[],[],[],[],[],[],[],[],[],[],[],[],[],[],[],[],[],[],[],[],[],[],[],[],[],[],[],[],[],[],[],[],[],[],[],[],[],[],[],[],[],[],[],[],[],[],[],[],[],[],[],[],[],[],[],[],[],[],[],[],[],[],[],[],[],[],[],[],[],[],[],[],[],[],[],[],[],[],[],[],[],[],[],[],[],[],[],[],[],[],[],[],[],[],[],[],[],[],[],[],[],[],[],[],[],[],[],[],[],[],[],[],[],[],[],[],[],[],[],[],[],[],[],[],[],[],[],[],[],[],[],[],[],[],[],[],[],[],[],[],[],[],[],[],[],[],[],[],[],[],[],[],[],[],[],[],[],[],[],[],[],[],[],[],[],[],[],[],[],[],[],[],[],[],[],[],[],[],[],[],[],[],[],[],[],[],[],[],[],[],[],[],[],[],[],[],[],[],[],[],[],[],[],[],[],[],[],[],[],[],[]],
"groupSettings" : [{},{},{},{},{},{},{},{},{},{},{},{},{},{},{},{},{},{},{},{},{},{},{},{},{},{},{},{},{},{},{},{},{},{},{},{},{},{},{},{},{},{},{},{},{},{},{},{},{},{},{},{},{},{},{},{},{},{},{},{},{},{},{},{},{},{},{},{},{},{},{},{},{},{},{},{},{},{},{},{},{},{},{},{},{},{},{},{},{},{},{},{},{},{},{},{},{},{},{},{},{},{},{},{},{},{},{},{},{},{},{},{},{},{},{},{},{},{},{},{},{},{},{},{},{},{},{},{},{},{},{},{},{},{},{},{},{},{},{},{},{},{},{},{},{},{},{},{},{},{},{},{},{},{},{},{},{},{},{},{},{},{},{},{},{},{},{},{},{},{},{},{},{},{},{},{},{},{},{},{},{},{},{},{},{},{},{},{},{},{},{},{},{},{},{},{},{},{},{},{},{},{},{},{},{},{},{},{},{},{},{},{},{},{},{},{},{},{},{},{},{},{},{},{},{},{},{},{},{},{},{},{},{},{},{},{},{},{},{},{},{},{},{},{},{},{},{},{},{},{},{},{},{},{},{},{},{},{},{},{},{},{},{},{},{},{},{},{},{},{},{},{},{},{},{},{},{},{},{},{},{},{},{},{},{},{},{},{},{},{},{},{},{},{},{},{},{},{},{},{},{},{},{},{},{},{},{},{},{},{},{},{},{},{},{},{},{},{},{},{},{},{},{},{},{},{},{},{},{},{},{},{},{},{},{},{},{},{},{},{},{},{}],
"objectSettings" : {"lineColor" : "#000000","faceColor" : "#00ff00","textColor" : "#000000","textSize" : 0.1,"transparancy" : 0.0,"lineWidth" : 1.0,"texture" : {}},
"minResult" : 1.7976931348623157E308,
"maxResult" : -1.7976931348623157E308,
"linePositionsSize" : 1368,
"positionsSize" : 4104,
"normalsSize" : 4104,
"uvsSize" : 2736,
"uuid" : "2bed283dc484441fa443287ce27b4ed2",
"pointsTable" : {"maxR" : 0.0,"minR" : 0.0,"tableSize" : 10,"table" : [[],[],[],[],[],[],[],[],[],[49,51,53,55,109,111,165,167,48,50,52,221,54,223,108,110,277,164,279,166,220,222,333,335,276,278,389,391,332,334,445,447,388,390,501,503,444,446,500,557,502,559,556,558,613,615,612,614,669,671,668,670,725,727,724,726,781,783,780,782,837,839,836,838,893,895,892,894,949,951,948,950,1005,1007,1004,1006,1061,1063,1060,1062]]}
},
{
"name" : "elastic_12",
"type" : 0,
"groups" : ["EDGE0","EDGE1","EDGE2","EDGE3","EDGE4","EDGE5","EDGE6","EDGE7","EDGE8","EDGE9","EDGE10","EDGE11","FACE0","FACE1","FACE2","FACE3","FACE4","FACE5","EDGE0","EDGE1","EDGE2","EDGE3","EDGE4","EDGE5","EDGE6","EDGE7","EDGE8","EDGE9","EDGE10","EDGE11","FACE0","FACE1","FACE2","FACE3","FACE4","FACE5","EDGE0","EDGE1","EDGE2","EDGE3","EDGE4","EDGE5","EDGE6","EDGE7","EDGE8","EDGE9","EDGE10","EDGE11","FACE0","FACE1","FACE2","FACE3","FACE4","FACE5","EDGE0","EDGE1","EDGE2","EDGE3","EDGE4","EDGE5","EDGE6","EDGE7","EDGE8","EDGE9","EDGE10","EDGE11","FACE0","FACE1","FACE2","FACE3","FACE4","FACE5","EDGE0","EDGE1","EDGE2","EDGE3","EDGE4","EDGE5","EDGE6","EDGE7","EDGE8","EDGE9","EDGE10","EDGE11","FACE0","FACE1","FACE2","FACE3","FACE4","FACE5","EDGE0","EDGE1","EDGE2","EDGE3","EDGE4","EDGE5","EDGE6","EDGE7","EDGE8","EDGE9","EDGE10","EDGE11","FACE0","FACE1","FACE2","FACE3","FACE4","FACE5","EDGE0","EDGE1","EDGE2","EDGE3","EDGE4","EDGE5","EDGE6","EDGE7","EDGE8","EDGE9","EDGE10","EDGE11","FACE0","FACE1","FACE2","FACE3","FACE4","FACE5","EDGE0","EDGE1","EDGE2","EDGE3","EDGE4","EDGE5","EDGE6","EDGE7","EDGE8","EDGE9","EDGE10","EDGE11","FACE0","FACE1","FACE2","FACE3","FACE4","FACE5","EDGE0","EDGE1","EDGE2","EDGE3","EDGE4","EDGE5","EDGE6","EDGE7","EDGE8","EDGE9","EDGE10","EDGE11","FACE0","FACE1","FACE2","FACE3","FACE4","FACE5","EDGE0","EDGE1","EDGE2","EDGE3","EDGE4","EDGE5","EDGE6","EDGE7","EDGE8","EDGE9","EDGE10","EDGE11","FACE0","FACE1","FACE2","FACE3","FACE4","FACE5","EDGE0","EDGE1","EDGE2","EDGE3","EDGE4","EDGE5","EDGE6","EDGE7","EDGE8","EDGE9","EDGE10","EDGE11","FACE0","FACE1","FACE2","FACE3","FACE4","FACE5","EDGE0","EDGE1","EDGE2","EDGE3","EDGE4","EDGE5","EDGE6","EDGE7","EDGE8","EDGE9","EDGE10","EDGE11","FACE0","FACE1","FACE2","FACE3","FACE4","FACE5","EDGE0","EDGE1","EDGE2","EDGE3","EDGE4","EDGE5","EDGE6","EDGE7","EDGE8","EDGE9","EDGE10","EDGE11","FACE0","FACE1","FACE2","FACE3","FACE4","FACE5","EDGE0","EDGE1","EDGE2","EDGE3","EDGE4","EDGE5","EDGE6","EDGE7","EDGE8","EDGE9","EDGE10","EDGE11","FACE0","FACE1","FACE2","FACE3","FACE4","FACE5","EDGE0","EDGE1","EDGE2","EDGE3","EDGE4","EDGE5","EDGE6","EDGE7","EDGE8","EDGE9","EDGE10","EDGE11","FACE0","FACE1","FACE2","FACE3","FACE4","FACE5","EDGE0","EDGE1","EDGE2","EDGE3","EDGE4","EDGE5","EDGE6","EDGE7","EDGE8","EDGE9","EDGE10","EDGE11","FACE0","FACE1","FACE2","FACE3","FACE4","FACE5","EDGE0","EDGE1","EDGE2","EDGE3","EDGE4","EDGE5","EDGE6","EDGE7","EDGE8","EDGE9","EDGE10","EDGE11","FACE0","FACE1","FACE2","FACE3","FACE4","FACE5","EDGE0","EDGE1","EDGE2","EDGE3","EDGE4","EDGE5","EDGE6","EDGE7","EDGE8","EDGE9","EDGE10","EDGE11","FACE0","FACE1","FACE2","FACE3","FACE4","FACE5","EDGE0","EDGE1","EDGE2","EDGE3","EDGE4","EDGE5","EDGE6","EDGE7","EDGE8","EDGE9","EDGE10","EDGE11","FACE0","FACE1","FACE2","FACE3","FACE4","FACE5"],
"objectNames" : ["box115","box116","box117","box118","box119","box120","box121","box122","box123","box124","box125","box126","box127","box128","box129","box130","box131","box132","box133"],
"pointsNumbers" : [56,56,56,56,56,56,56,56,56,56,56,56,56,56,56,56,56,56,56],
"text2d" : [],
"simpleShapes" : [[],[],[],[],[],[],[],[],[],[],[],[],[],[],[],[],[],[],[],[],[],[],[],[],[],[],[],[],[],[],[],[],[],[],[],[],[],[],[],[],[],[],[],[],[],[],[],[],[],[],[],[],[],[],[],[],[],[],[],[],[],[],[],[],[],[],[],[],[],[],[],[],[],[],[],[],[],[],[],[],[],[],[],[],[],[],[],[],[],[],[],[],[],[],[],[],[],[],[],[],[],[],[],[],[],[],[],[],[],[],[],[],[],[],[],[],[],[],[],[],[],[],[],[],[],[],[],[],[],[],[],[],[],[],[],[],[],[],[],[],[],[],[],[],[],[],[],[],[],[],[],[],[],[],[],[],[],[],[],[],[],[],[],[],[],[],[],[],[],[],[],[],[],[],[],[],[],[],[],[],[],[],[],[],[],[],[],[],[],[],[],[],[],[],[],[],[],[],[],[],[],[],[],[],[],[],[],[],[],[],[],[],[],[],[],[],[],[],[],[],[],[],[],[],[],[],[],[],[],[],[],[],[],[],[],[],[],[],[],[],[],[],[],[],[],[],[],[],[],[],[],[],[],[],[],[],[],[],[],[],[],[],[],[],[],[],[],[],[],[],[],[],[],[],[],[],[],[],[],[],[],[],[],[],[],[],[],[],[],[],[],[],[],[],[],[],[],[],[],[],[],[],[],[],[],[],[],[],[],[],[],[],[],[],[],[],[],[],[],[],[],[],[],[],[],[],[],[],[],[],[],[],[],[],[],[],[],[],[],[],[],[]],
"groupSettings" : [{},{},{},{},{},{},{},{},{},{},{},{},{},{},{},{},{},{},{},{},{},{},{},{},{},{},{},{},{},{},{},{},{},{},{},{},{},{},{},{},{},{},{},{},{},{},{},{},{},{},{},{},{},{},{},{},{},{},{},{},{},{},{},{},{},{},{},{},{},{},{},{},{},{},{},{},{},{},{},{},{},{},{},{},{},{},{},{},{},{},{},{},{},{},{},{},{},{},{},{},{},{},{},{},{},{},{},{},{},{},{},{},{},{},{},{},{},{},{},{},{},{},{},{},{},{},{},{},{},{},{},{},{},{},{},{},{},{},{},{},{},{},{},{},{},{},{},{},{},{},{},{},{},{},{},{},{},{},{},{},{},{},{},{},{},{},{},{},{},{},{},{},{},{},{},{},{},{},{},{},{},{},{},{},{},{},{},{},{},{},{},{},{},{},{},{},{},{},{},{},{},{},{},{},{},{},{},{},{},{},{},{},{},{},{},{},{},{},{},{},{},{},{},{},{},{},{},{},{},{},{},{},{},{},{},{},{},{},{},{},{},{},{},{},{},{},{},{},{},{},{},{},{},{},{},{},{},{},{},{},{},{},{},{},{},{},{},{},{},{},{},{},{},{},{},{},{},{},{},{},{},{},{},{},{},{},{},{},{},{},{},{},{},{},{},{},{},{},{},{},{},{},{},{},{},{},{},{},{},{},{},{},{},{},{},{},{},{},{},{},{},{},{},{},{},{},{},{},{},{},{},{},{},{},{},{},{},{},{},{},{},{}],
"objectSettings" : {"lineColor" : "#000000","faceColor" : "#00ff00","textColor" : "#000000","textSize" : 0.1,"transparancy" : 0.0,"lineWidth" : 1.0,"texture" : {}},
"minResult" : 1.7976931348623157E308,
"maxResult" : -1.7976931348623157E308,
"linePositionsSize" : 1368,
"positionsSize" : 4104,
"normalsSize" : 4104,
"uvsSize" : 2736,
"uuid" : "9024b659963e461498e55bc7ff2922eb",
"pointsTable" : {"maxR" : 0.0,"minR" : 0.0,"tableSize" : 10,"table" : [[],[],[],[],[],[],[],[],[],[49,51,53,55,109,111,165,167,221,48,223,50,52,54,108,110,277,279,164,166,333,220,335,222,276,278,389,391,332,334,445,447,388,390,501,503,444,446,557,559,500,502,613,615,556,558,612,669,614,671,668,670,725,727,724,726,781,783,780,782,837,839,836,838,893,895,892,894,949,951,948,950,1005,1007,1004,1006,1061,1063,1060,1062]]}
},
{
"name" : "elastic_14",
"type" : 0,
"groups" : ["EDGE0","EDGE1","EDGE2","EDGE3","EDGE4","EDGE5","EDGE6","EDGE7","EDGE8","EDGE9","EDGE10","EDGE11","FACE0","FACE1","FACE2","FACE3","FACE4","FACE5","EDGE0","EDGE1","EDGE2","EDGE3","EDGE4","EDGE5","EDGE6","EDGE7","EDGE8","EDGE9","EDGE10","EDGE11","FACE0","FACE1","FACE2","FACE3","FACE4","FACE5","EDGE0","EDGE1","EDGE2","EDGE3","EDGE4","EDGE5","EDGE6","EDGE7","EDGE8","EDGE9","EDGE10","EDGE11","FACE0","FACE1","FACE2","FACE3","FACE4","FACE5","EDGE0","EDGE1","EDGE2","EDGE3","EDGE4","EDGE5","EDGE6","EDGE7","EDGE8","EDGE9","EDGE10","EDGE11","FACE0","FACE1","FACE2","FACE3","FACE4","FACE5","EDGE0","EDGE1","EDGE2","EDGE3","EDGE4","EDGE5","EDGE6","EDGE7","EDGE8","EDGE9","EDGE10","EDGE11","FACE0","FACE1","FACE2","FACE3","FACE4","FACE5","EDGE0","EDGE1","EDGE2","EDGE3","EDGE4","EDGE5","EDGE6","EDGE7","EDGE8","EDGE9","EDGE10","EDGE11","FACE0","FACE1","FACE2","FACE3","FACE4","FACE5","EDGE0","EDGE1","EDGE2","EDGE3","EDGE4","EDGE5","EDGE6","EDGE7","EDGE8","EDGE9","EDGE10","EDGE11","FACE0","FACE1","FACE2","FACE3","FACE4","FACE5","EDGE0","EDGE1","EDGE2","EDGE3","EDGE4","EDGE5","EDGE6","EDGE7","EDGE8","EDGE9","EDGE10","EDGE11","FACE0","FACE1","FACE2","FACE3","FACE4","FACE5","EDGE0","EDGE1","EDGE2","EDGE3","EDGE4","EDGE5","EDGE6","EDGE7","EDGE8","EDGE9","EDGE10","EDGE11","FACE0","FACE1","FACE2","FACE3","FACE4","FACE5","EDGE0","EDGE1","EDGE2","EDGE3","EDGE4","EDGE5","EDGE6","EDGE7","EDGE8","EDGE9","EDGE10","EDGE11","FACE0","FACE1","FACE2","FACE3","FACE4","FACE5","EDGE0","EDGE1","EDGE2","EDGE3","EDGE4","EDGE5","EDGE6","EDGE7","EDGE8","EDGE9","EDGE10","EDGE11","FACE0","FACE1","FACE2","FACE3","FACE4","FACE5","EDGE0","EDGE1","EDGE2","EDGE3","EDGE4","EDGE5","EDGE6","EDGE7","EDGE8","EDGE9","EDGE10","EDGE11","FACE0","FACE1","FACE2","FACE3","FACE4","FACE5","EDGE0","EDGE1","EDGE2","EDGE3","EDGE4","EDGE5","EDGE6","EDGE7","EDGE8","EDGE9","EDGE10","EDGE11","FACE0","FACE1","FACE2","FACE3","FACE4","FACE5","EDGE0","EDGE1","EDGE2","EDGE3","EDGE4","EDGE5","EDGE6","EDGE7","EDGE8","EDGE9","EDGE10","EDGE11","FACE0","FACE1","FACE2","FACE3","FACE4","FACE5","EDGE0","EDGE1","EDGE2","EDGE3","EDGE4","EDGE5","EDGE6","EDGE7","EDGE8","EDGE9","EDGE10","EDGE11","FACE0","FACE1","FACE2","FACE3","FACE4","FACE5","EDGE0","EDGE1","EDGE2","EDGE3","EDGE4","EDGE5","EDGE6","EDGE7","EDGE8","EDGE9","EDGE10","EDGE11","FACE0","FACE1","FACE2","FACE3","FACE4","FACE5","EDGE0","EDGE1","EDGE2","EDGE3","EDGE4","EDGE5","EDGE6","EDGE7","EDGE8","EDGE9","EDGE10","EDGE11","FACE0","FACE1","FACE2","FACE3","FACE4","FACE5","EDGE0","EDGE1","EDGE2","EDGE3","EDGE4","EDGE5","EDGE6","EDGE7","EDGE8","EDGE9","EDGE10","EDGE11","FACE0","FACE1","FACE2","FACE3","FACE4","FACE5","EDGE0","EDGE1","EDGE2","EDGE3","EDGE4","EDGE5","EDGE6","EDGE7","EDGE8","EDGE9","EDGE10","EDGE11","FACE0","FACE1","FACE2","FACE3","FACE4","FACE5"],
"objectNames" : ["box134","box135","box136","box137","box138","box139","box140","box141","box142","box143","box144","box145","box146","box147","box148","box149","box150","box151","box152"],
"pointsNumbers" : [56,56,56,56,56,56,56,56,56,56,56,56,56,56,56,56,56,56,56],
"text2d" : [],
"simpleShapes" : [[],[],[],[],[],[],[],[],[],[],[],[],[],[],[],[],[],[],[],[],[],[],[],[],[],[],[],[],[],[],[],[],[],[],[],[],[],[],[],[],[],[],[],[],[],[],[],[],[],[],[],[],[],[],[],[],[],[],[],[],[],[],[],[],[],[],[],[],[],[],[],[],[],[],[],[],[],[],[],[],[],[],[],[],[],[],[],[],[],[],[],[],[],[],[],[],[],[],[],[],[],[],[],[],[],[],[],[],[],[],[],[],[],[],[],[],[],[],[],[],[],[],[],[],[],[],[],[],[],[],[],[],[],[],[],[],[],[],[],[],[],[],[],[],[],[],[],[],[],[],[],[],[],[],[],[],[],[],[],[],[],[],[],[],[],[],[],[],[],[],[],[],[],[],[],[],[],[],[],[],[],[],[],[],[],[],[],[],[],[],[],[],[],[],[],[],[],[],[],[],[],[],[],[],[],[],[],[],[],[],[],[],[],[],[],[],[],[],[],[],[],[],[],[],[],[],[],[],[],[],[],[],[],[],[],[],[],[],[],[],[],[],[],[],[],[],[],[],[],[],[],[],[],[],[],[],[],[],[],[],[],[],[],[],[],[],[],[],[],[],[],[],[],[],[],[],[],[],[],[],[],[],[],[],[],[],[],[],[],[],[],[],[],[],[],[],[],[],[],[],[],[],[],[],[],[],[],[],[],[],[],[],[],[],[],[],[],[],[],[],[],[],[],[],[],[],[],[],[],[],[],[],[],[],[],[],[],[],[],[],[],[]],
"groupSettings" : [{},{},{},{},{},{},{},{},{},{},{},{},{},{},{},{},{},{},{},{},{},{},{},{},{},{},{},{},{},{},{},{},{},{},{},{},{},{},{},{},{},{},{},{},{},{},{},{},{},{},{},{},{},{},{},{},{},{},{},{},{},{},{},{},{},{},{},{},{},{},{},{},{},{},{},{},{},{},{},{},{},{},{},{},{},{},{},{},{},{},{},{},{},{},{},{},{},{},{},{},{},{},{},{},{},{},{},{},{},{},{},{},{},{},{},{},{},{},{},{},{},{},{},{},{},{},{},{},{},{},{},{},{},{},{},{},{},{},{},{},{},{},{},{},{},{},{},{},{},{},{},{},{},{},{},{},{},{},{},{},{},{},{},{},{},{},{},{},{},{},{},{},{},{},{},{},{},{},{},{},{},{},{},{},{},{},{},{},{},{},{},{},{},{},{},{},{},{},{},{},{},{},{},{},{},{},{},{},{},{},{},{},{},{},{},{},{},{},{},{},{},{},{},{},{},{},{},{},{},{},{},{},{},{},{},{},{},{},{},{},{},{},{},{},{},{},{},{},{},{},{},{},{},{},{},{},{},{},{},{},{},{},{},{},{},{},{},{},{},{},{},{},{},{},{},{},{},{},{},{},{},{},{},{},{},{},{},{},{},{},{},{},{},{},{},{},{},{},{},{},{},{},{},{},{},{},{},{},{},{},{},{},{},{},{},{},{},{},{},{},{},{},{},{},{},{},{},{},{},{},{},{},{},{},{},{},{},{},{},{},{},{}],
"objectSettings" : {"lineColor" : "#000000","faceColor" : "#00ff00","textColor" : "#000000","textSize" : 0.1,"transparancy" : 0.0,"lineWidth" : 1.0,"texture" : {}},
"minResult" : 1.7976931348623157E308,
"maxResult" : -1.7976931348623157E308,
"linePositionsSize" : 1368,
"positionsSize" : 4104,
"normalsSize" : 4104,
"uvsSize" : 2736,
"uuid" : "5e1210f0cf954f6588737b8b2a23ae48",
"pointsTable" : {"maxR" : 0.0,"minR" : 0.0,"tableSize" : 10,"table" : [[],[],[],[],[],[],[],[],[],[49,51,53,55,109,111,165,167,221,223,48,50,52,54,277,279,108,110,164,166,333,335,220,222,389,276,391,278,332,334,445,447,388,390,501,503,444,446,557,559,500,502,613,615,556,558,669,671,612,614,725,727,668,670,724,781,726,783,780,782,837,839,836,838,893,895,892,894,949,951,948,950,1005,1007,1004,1006,1061,1063,1060,1062]]}
},
{
"name" : "elastic_16",
"type" : 0,
"groups" : ["EDGE0","EDGE1","EDGE2","EDGE3","EDGE4","EDGE5","EDGE6","EDGE7","EDGE8","EDGE9","EDGE10","EDGE11","FACE0","FACE1","FACE2","FACE3","FACE4","FACE5","EDGE0","EDGE1","EDGE2","EDGE3","EDGE4","EDGE5","EDGE6","EDGE7","EDGE8","EDGE9","EDGE10","EDGE11","FACE0","FACE1","FACE2","FACE3","FACE4","FACE5","EDGE0","EDGE1","EDGE2","EDGE3","EDGE4","EDGE5","EDGE6","EDGE7","EDGE8","EDGE9","EDGE10","EDGE11","FACE0","FACE1","FACE2","FACE3","FACE4","FACE5","EDGE0","EDGE1","EDGE2","EDGE3","EDGE4","EDGE5","EDGE6","EDGE7","EDGE8","EDGE9","EDGE10","EDGE11","FACE0","FACE1","FACE2","FACE3","FACE4","FACE5","EDGE0","EDGE1","EDGE2","EDGE3","EDGE4","EDGE5","EDGE6","EDGE7","EDGE8","EDGE9","EDGE10","EDGE11","FACE0","FACE1","FACE2","FACE3","FACE4","FACE5","EDGE0","EDGE1","EDGE2","EDGE3","EDGE4","EDGE5","EDGE6","EDGE7","EDGE8","EDGE9","EDGE10","EDGE11","FACE0","FACE1","FACE2","FACE3","FACE4","FACE5","EDGE0","EDGE1","EDGE2","EDGE3","EDGE4","EDGE5","EDGE6","EDGE7","EDGE8","EDGE9","EDGE10","EDGE11","FACE0","FACE1","FACE2","FACE3","FACE4","FACE5","EDGE0","EDGE1","EDGE2","EDGE3","EDGE4","EDGE5","EDGE6","EDGE7","EDGE8","EDGE9","EDGE10","EDGE11","FACE0","FACE1","FACE2","FACE3","FACE4","FACE5","EDGE0","EDGE1","EDGE2","EDGE3","EDGE4","EDGE5","EDGE6","EDGE7","EDGE8","EDGE9","EDGE10","EDGE11","FACE0","FACE1","FACE2","FACE3","FACE4","FACE5","EDGE0","EDGE1","EDGE2","EDGE3","EDGE4","EDGE5","EDGE6","EDGE7","EDGE8","EDGE9","EDGE10","EDGE11","FACE0","FACE1","FACE2","FACE3","FACE4","FACE5","EDGE0","EDGE1","EDGE2","EDGE3","EDGE4","EDGE5","EDGE6","EDGE7","EDGE8","EDGE9","EDGE10","EDGE11","FACE0","FACE1","FACE2","FACE3","FACE4","FACE5","EDGE0","EDGE1","EDGE2","EDGE3","EDGE4","EDGE5","EDGE6","EDGE7","EDGE8","EDGE9","EDGE10","EDGE11","FACE0","FACE1","FACE2","FACE3","FACE4","FACE5","EDGE0","EDGE1","EDGE2","EDGE3","EDGE4","EDGE5","EDGE6","EDGE7","EDGE8","EDGE9","EDGE10","EDGE11","FACE0","FACE1","FACE2","FACE3","FACE4","FACE5","EDGE0","EDGE1","EDGE2","EDGE3","EDGE4","EDGE5","EDGE6","EDGE7","EDGE8","EDGE9","EDGE10","EDGE11","FACE0","FACE1","FACE2","FACE3","FACE4","FACE5","EDGE0","EDGE1","EDGE2","EDGE3","EDGE4","EDGE5","EDGE6","EDGE7","EDGE8","EDGE9","EDGE10","EDGE11","FACE0","FACE1","FACE2","FACE3","FACE4","FACE5","EDGE0","EDGE1","EDGE2","EDGE3","EDGE4","EDGE5","EDGE6","EDGE7","EDGE8","EDGE9","EDGE10","EDGE11","FACE0","FACE1","FACE2","FACE3","FACE4","FACE5","EDGE0","EDGE1","EDGE2","EDGE3","EDGE4","EDGE5","EDGE6","EDGE7","EDGE8","EDGE9","EDGE10","EDGE11","FACE0","FACE1","FACE2","FACE3","FACE4","FACE5","EDGE0","EDGE1","EDGE2","EDGE3","EDGE4","EDGE5","EDGE6","EDGE7","EDGE8","EDGE9","EDGE10","EDGE11","FACE0","FACE1","FACE2","FACE3","FACE4","FACE5","EDGE0","EDGE1","EDGE2","EDGE3","EDGE4","EDGE5","EDGE6","EDGE7","EDGE8","EDGE9","EDGE10","EDGE11","FACE0","FACE1","FACE2","FACE3","FACE4","FACE5"],
"objectNames" : ["box153","box154","box155","box156","box157","box158","box159","box160","box161","box162","box163","box164","box165","box166","box167","box168","box169","box170","box171"],
"pointsNumbers" : [56,56,56,56,56,56,56,56,56,56,56,56,56,56,56,56,56,56,56],
"text2d" : [],
"simpleShapes" : [[],[],[],[],[],[],[],[],[],[],[],[],[],[],[],[],[],[],[],[],[],[],[],[],[],[],[],[],[],[],[],[],[],[],[],[],[],[],[],[],[],[],[],[],[],[],[],[],[],[],[],[],[],[],[],[],[],[],[],[],[],[],[],[],[],[],[],[],[],[],[],[],[],[],[],[],[],[],[],[],[],[],[],[],[],[],[],[],[],[],[],[],[],[],[],[],[],[],[],[],[],[],[],[],[],[],[],[],[],[],[],[],[],[],[],[],[],[],[],[],[],[],[],[],[],[],[],[],[],[],[],[],[],[],[],[],[],[],[],[],[],[],[],[],[],[],[],[],[],[],[],[],[],[],[],[],[],[],[],[],[],[],[],[],[],[],[],[],[],[],[],[],[],[],[],[],[],[],[],[],[],[],[],[],[],[],[],[],[],[],[],[],[],[],[],[],[],[],[],[],[],[],[],[],[],[],[],[],[],[],[],[],[],[],[],[],[],[],[],[],[],[],[],[],[],[],[],[],[],[],[],[],[],[],[],[],[],[],[],[],[],[],[],[],[],[],[],[],[],[],[],[],[],[],[],[],[],[],[],[],[],[],[],[],[],[],[],[],[],[],[],[],[],[],[],[],[],[],[],[],[],[],[],[],[],[],[],[],[],[],[],[],[],[],[],[],[],[],[],[],[],[],[],[],[],[],[],[],[],[],[],[],[],[],[],[],[],[],[],[],[],[],[],[],[],[],[],[],[],[],[],[],[],[],[],[],[],[],[],[],[],[]],
"groupSettings" : [{},{},{},{},{},{},{},{},{},{},{},{},{},{},{},{},{},{},{},{},{},{},{},{},{},{},{},{},{},{},{},{},{},{},{},{},{},{},{},{},{},{},{},{},{},{},{},{},{},{},{},{},{},{},{},{},{},{},{},{},{},{},{},{},{},{},{},{},{},{},{},{},{},{},{},{},{},{},{},{},{},{},{},{},{},{},{},{},{},{},{},{},{},{},{},{},{},{},{},{},{},{},{},{},{},{},{},{},{},{},{},{},{},{},{},{},{},{},{},{},{},{},{},{},{},{},{},{},{},{},{},{},{},{},{},{},{},{},{},{},{},{},{},{},{},{},{},{},{},{},{},{},{},{},{},{},{},{},{},{},{},{},{},{},{},{},{},{},{},{},{},{},{},{},{},{},{},{},{},{},{},{},{},{},{},{},{},{},{},{},{},{},{},{},{},{},{},{},{},{},{},{},{},{},{},{},{},{},{},{},{},{},{},{},{},{},{},{},{},{},{},{},{},{},{},{},{},{},{},{},{},{},{},{},{},{},{},{},{},{},{},{},{},{},{},{},{},{},{},{},{},{},{},{},{},{},{},{},{},{},{},{},{},{},{},{},{},{},{},{},{},{},{},{},{},{},{},{},{},{},{},{},{},{},{},{},{},{},{},{},{},{},{},{},{},{},{},{},{},{},{},{},{},{},{},{},{},{},{},{},{},{},{},{},{},{},{},{},{},{},{},{},{},{},{},{},{},{},{},{},{},{},{},{},{},{},{},{},{},{},{},{}],
"objectSettings" : {"lineColor" : "#000000","faceColor" : "#00ff00","textColor" : "#000000","textSize" : 0.1,"transparancy" : 0.0,"lineWidth" : 1.0,"texture" : {}},
"minResult" : 1.7976931348623157E308,
"maxResult" : -1.7976931348623157E308,
"linePositionsSize" : 1368,
"positionsSize" : 4104,
"normalsSize" : 4104,
"uvsSize" : 2736,
"uuid" : "2c363c9b8d604b0ea6443fe808a9303e",
"pointsTable" : {"maxR" : 0.0,"minR" : 0.0,"tableSize" : 10,"table" : [[],[],[],[],[],[],[],[],[],[49,51,53,55,109,111,165,167,221,223,48,50,277,52,279,54,108,110,164,333,166,335,220,222,389,391,276,278,445,332,447,334,388,390,501,503,444,446,557,559,500,502,613,615,556,558,669,671,612,614,725,727,668,670,781,783,724,726,837,839,780,782,836,893,838,895,892,894,949,951,948,950,1005,1007,1004,1006,1061,1063,1060,1062]]}
},
{
"name" : "elastic_18",
"type" : 0,
"groups" : ["EDGE0","EDGE1","EDGE2","EDGE3","EDGE4","EDGE5","EDGE6","EDGE7","EDGE8","EDGE9","EDGE10","EDGE11","FACE0","FACE1","FACE2","FACE3","FACE4","FACE5","EDGE0","EDGE1","EDGE2","EDGE3","EDGE4","EDGE5","EDGE6","EDGE7","EDGE8","EDGE9","EDGE10","EDGE11","FACE0","FACE1","FACE2","FACE3","FACE4","FACE5","EDGE0","EDGE1","EDGE2","EDGE3","EDGE4","EDGE5","EDGE6","EDGE7","EDGE8","EDGE9","EDGE10","EDGE11","FACE0","FACE1","FACE2","FACE3","FACE4","FACE5","EDGE0","EDGE1","EDGE2","EDGE3","EDGE4","EDGE5","EDGE6","EDGE7","EDGE8","EDGE9","EDGE10","EDGE11","FACE0","FACE1","FACE2","FACE3","FACE4","FACE5","EDGE0","EDGE1","EDGE2","EDGE3","EDGE4","EDGE5","EDGE6","EDGE7","EDGE8","EDGE9","EDGE10","EDGE11","FACE0","FACE1","FACE2","FACE3","FACE4","FACE5","EDGE0","EDGE1","EDGE2","EDGE3","EDGE4","EDGE5","EDGE6","EDGE7","EDGE8","EDGE9","EDGE10","EDGE11","FACE0","FACE1","FACE2","FACE3","FACE4","FACE5","EDGE0","EDGE1","EDGE2","EDGE3","EDGE4","EDGE5","EDGE6","EDGE7","EDGE8","EDGE9","EDGE10","EDGE11","FACE0","FACE1","FACE2","FACE3","FACE4","FACE5","EDGE0","EDGE1","EDGE2","EDGE3","EDGE4","EDGE5","EDGE6","EDGE7","EDGE8","EDGE9","EDGE10","EDGE11","FACE0","FACE1","FACE2","FACE3","FACE4","FACE5","EDGE0","EDGE1","EDGE2","EDGE3","EDGE4","EDGE5","EDGE6","EDGE7","EDGE8","EDGE9","EDGE10","EDGE11","FACE0","FACE1","FACE2","FACE3","FACE4","FACE5","EDGE0","EDGE1","EDGE2","EDGE3","EDGE4","EDGE5","EDGE6","EDGE7","EDGE8","EDGE9","EDGE10","EDGE11","FACE0","FACE1","FACE2","FACE3","FACE4","FACE5","EDGE0","EDGE1","EDGE2","EDGE3","EDGE4","EDGE5","EDGE6","EDGE7","EDGE8","EDGE9","EDGE10","EDGE11","FACE0","FACE1","FACE2","FACE3","FACE4","FACE5","EDGE0","EDGE1","EDGE2","EDGE3","EDGE4","EDGE5","EDGE6","EDGE7","EDGE8","EDGE9","EDGE10","EDGE11","FACE0","FACE1","FACE2","FACE3","FACE4","FACE5","EDGE0","EDGE1","EDGE2","EDGE3","EDGE4","EDGE5","EDGE6","EDGE7","EDGE8","EDGE9","EDGE10","EDGE11","FACE0","FACE1","FACE2","FACE3","FACE4","FACE5","EDGE0","EDGE1","EDGE2","EDGE3","EDGE4","EDGE5","EDGE6","EDGE7","EDGE8","EDGE9","EDGE10","EDGE11","FACE0","FACE1","FACE2","FACE3","FACE4","FACE5","EDGE0","EDGE1","EDGE2","EDGE3","EDGE4","EDGE5","EDGE6","EDGE7","EDGE8","EDGE9","EDGE10","EDGE11","FACE0","FACE1","FACE2","FACE3","FACE4","FACE5","EDGE0","EDGE1","EDGE2","EDGE3","EDGE4","EDGE5","EDGE6","EDGE7","EDGE8","EDGE9","EDGE10","EDGE11","FACE0","FACE1","FACE2","FACE3","FACE4","FACE5","EDGE0","EDGE1","EDGE2","EDGE3","EDGE4","EDGE5","EDGE6","EDGE7","EDGE8","EDGE9","EDGE10","EDGE11","FACE0","FACE1","FACE2","FACE3","FACE4","FACE5","EDGE0","EDGE1","EDGE2","EDGE3","EDGE4","EDGE5","EDGE6","EDGE7","EDGE8","EDGE9","EDGE10","EDGE11","FACE0","FACE1","FACE2","FACE3","FACE4","FACE5","EDGE0","EDGE1","EDGE2","EDGE3","EDGE4","EDGE5","EDGE6","EDGE7","EDGE8","EDGE9","EDGE10","EDGE11","FACE0","FACE1","FACE2","FACE3","FACE4","FACE5"],
"objectNames" : ["box172","box173","box174","box175","box176","box177","box178","box179","box180","box181","box182","box183","box184","box185","box186","box187","box188","box189","box190"],
"pointsNumbers" : [56,56,56,56,56,56,56,56,56,56,56,56,56,56,56,56,56,56,56],
"text2d" : [],
"simpleShapes" : [[],[],[],[],[],[],[],[],[],[],[],[],[],[],[],[],[],[],[],[],[],[],[],[],[],[],[],[],[],[],[],[],[],[],[],[],[],[],[],[],[],[],[],[],[],[],[],[],[],[],[],[],[],[],[],[],[],[],[],[],[],[],[],[],[],[],[],[],[],[],[],[],[],[],[],[],[],[],[],[],[],[],[],[],[],[],[],[],[],[],[],[],[],[],[],[],[],[],[],[],[],[],[],[],[],[],[],[],[],[],[],[],[],[],[],[],[],[],[],[],[],[],[],[],[],[],[],[],[],[],[],[],[],[],[],[],[],[],[],[],[],[],[],[],[],[],[],[],[],[],[],[],[],[],[],[],[],[],[],[],[],[],[],[],[],[],[],[],[],[],[],[],[],[],[],[],[],[],[],[],[],[],[],[],[],[],[],[],[],[],[],[],[],[],[],[],[],[],[],[],[],[],[],[],[],[],[],[],[],[],[],[],[],[],[],[],[],[],[],[],[],[],[],[],[],[],[],[],[],[],[],[],[],[],[],[],[],[],[],[],[],[],[],[],[],[],[],[],[],[],[],[],[],[],[],[],[],[],[],[],[],[],[],[],[],[],[],[],[],[],[],[],[],[],[],[],[],[],[],[],[],[],[],[],[],[],[],[],[],[],[],[],[],[],[],[],[],[],[],[],[],[],[],[],[],[],[],[],[],[],[],[],[],[],[],[],[],[],[],[],[],[],[],[],[],[],[],[],[],[],[],[],[],[],[],[],[],[],[],[],[],[]],
"groupSettings" : [{},{},{},{},{},{},{},{},{},{},{},{},{},{},{},{},{},{},{},{},{},{},{},{},{},{},{},{},{},{},{},{},{},{},{},{},{},{},{},{},{},{},{},{},{},{},{},{},{},{},{},{},{},{},{},{},{},{},{},{},{},{},{},{},{},{},{},{},{},{},{},{},{},{},{},{},{},{},{},{},{},{},{},{},{},{},{},{},{},{},{},{},{},{},{},{},{},{},{},{},{},{},{},{},{},{},{},{},{},{},{},{},{},{},{},{},{},{},{},{},{},{},{},{},{},{},{},{},{},{},{},{},{},{},{},{},{},{},{},{},{},{},{},{},{},{},{},{},{},{},{},{},{},{},{},{},{},{},{},{},{},{},{},{},{},{},{},{},{},{},{},{},{},{},{},{},{},{},{},{},{},{},{},{},{},{},{},{},{},{},{},{},{},{},{},{},{},{},{},{},{},{},{},{},{},{},{},{},{},{},{},{},{},{},{},{},{},{},{},{},{},{},{},{},{},{},{},{},{},{},{},{},{},{},{},{},{},{},{},{},{},{},{},{},{},{},{},{},{},{},{},{},{},{},{},{},{},{},{},{},{},{},{},{},{},{},{},{},{},{},{},{},{},{},{},{},{},{},{},{},{},{},{},{},{},{},{},{},{},{},{},{},{},{},{},{},{},{},{},{},{},{},{},{},{},{},{},{},{},{},{},{},{},{},{},{},{},{},{},{},{},{},{},{},{},{},{},{},{},{},{},{},{},{},{},{},{},{},{},{},{},{}],
"objectSettings" : {"lineColor" : "#000000","faceColor" : "#00ff00","textColor" : "#000000","textSize" : 0.1,"transparancy" : 0.0,"lineWidth" : 1.0,"texture" : {}},
"minResult" : 1.7976931348623157E308,
"maxResult" : -1.7976931348623157E308,
"linePositionsSize" : 1368,
"positionsSize" : 4104,
"normalsSize" : 4104,
"uvsSize" : 2736,
"uuid" : "501df5fc0c574bdb8d34fea3380fb3ad",
"pointsTable" : {"maxR" : 0.0,"minR" : 0.0,"tableSize" : 10,"table" : [[],[],[],[],[],[],[],[],[],[49,51,53,55,109,111,165,167,221,223,277,279,48,50,52,54,108,110,333,335,164,166,220,222,389,391,276,278,445,447,332,334,501,388,503,390,444,446,557,559,500,502,613,615,556,558,669,671,612,614,725,727,668,670,781,783,724,726,837,839,780,782,893,895,836,838,949,951,892,894,948,1005,950,1007,1004,1006,1061,1063,1060,1062]]}
}
],
"minResult" : 1.7976931348623157E308,
"maxResult" : -1.7976931348623157E308,
"coordFactor" : 20.0
}