{
"tree" : {"children" : [
{
"name" : "elastic",
"index" : 0,
"children" : []}
]},
"pictureData" : [
{
"name" : "elastic",
"type" : 0,
"groups" : ["EDGE0","EDGE1","EDGE2","EDGE3","EDGE4","EDGE5","EDGE6","EDGE7","EDGE8","EDGE9","EDGE10","EDGE11","FACE0","FACE1","FACE2","FACE3","FACE4","FACE5"],
"objectNames" : ["box"],
"pointsNumbers" : [56],
"text2d" : [],
"simpleShapes" : [[],[],[],[],[],[],[],[],[],[],[],[],[],[],[],[],[],[]],
"groupSettings" : [{},{},{},{},{},{},{},{},{},{},{},{},{},{},{},{},{},{}],
"objectSettings" : {"lineColor" : "#000000","faceColor" : "#00ff00","textColor" : "#000000","textSize" : 0.1,"transparancy" : 0.0,"lineWidth" : 1.0,"texture" : {}},
"minResult" : 1.7976931348623157E308,
"maxResult" : -1.7976931348623157E308,
"linePositionsSize" : 72,
"positionsSize" : 216,
"normalsSize" : 216,
"uvsSize" : 144,
"uuid" : "04ce715acaf24b879992bcdcc5f0942d",
"pointsTable" : {"maxR" : 0.0,"minR" : 0.0,"tableSize" : 10,"table" : [[49],[],[],[],[],[],[],[],[],[48,51,53,50,52,55,54]]}
}
],
"minResult" : 1.7976931348623157E308,
"maxResult" : -1.7976931348623157E308,
"coordFactor" : 1.0
}