{"name":"Displacement along X axis","minResult":-0.008457096419741546,"minResultIndex":25,"maxResult":0.008225879323754032,"maxResultIndex":36,"pictureData":[{"uuid":"26e95c8da45a4e9d9931f28d4b120794","minResult":1.7976931348623157E308,"minResultIndex":-1,"maxResult":-1.7976931348623157E308,"maxResultIndex":-1,"resultsSize":0,"uvsSize":0},{"uuid":"a62ab5f32f544142a566592adc325b5f","minResult":-0.008457096419741546,"minResultIndex":25,"maxResult":0.008225879323754032,"maxResultIndex":36,"resultsSize":150,"uvsSize":936}]}